"Time (s)","Gyroscope x (rad/s)","Gyroscope y (rad/s)","Gyroscope z (rad/s)"
1.051219947E1,-5.589252338E-2,-2.596100792E-2,1.191152167E-2
1.052135124E1,-4.779879749E-2,-3.145863488E-2,1.252236869E-2
1.053050306E1,-4.703523964E-2,-3.680354729E-2,1.068982668E-2
1.053965488E1,-4.688252881E-2,-5.070032179E-2,7.635590620E-3
1.054880666E1,-4.443913698E-2,-6.444438547E-2,1.191152167E-2
1.055795848E1,-4.428642616E-2,-7.543963939E-2,1.145338640E-2
1.056711030E1,-4.611896724E-2,-8.322793990E-2,9.620844387E-3
1.057626212E1,-5.161659420E-2,-8.689302206E-2,6.413896102E-3
1.058541390E1,-5.955760926E-2,-7.895200700E-2,3.054236295E-4
1.059456572E1,-5.971032009E-2,-7.070557028E-2,-2.137965523E-3
1.060371754E1,-5.283828825E-2,-7.238540053E-2,-3.359660041E-3
1.061286936E1,-4.718795046E-2,-8.093725890E-2,-7.024743594E-3
1.062202113E1,-4.535540938E-2,-8.628217876E-2,-6.872031838E-3
1.063117296E1,-4.291202128E-2,-8.383878320E-2,-8.704573847E-3
1.064032478E1,-3.680354729E-2,-7.849387079E-2,-5.039489828E-3
1.064947655E1,-3.008422814E-2,-7.360709459E-2,-3.206948051E-3
1.065862837E1,-2.519745007E-2,-7.543963939E-2,-2.596100792E-3
1.066778020E1,-2.076880634E-2,-7.788302749E-2,-1.832541777E-3
1.067693197E1,-1.969982497E-2,-7.116370648E-2,-3.665083554E-3
1.068608379E1,-1.969982497E-2,-6.581879407E-2,-6.108472589E-3
1.069523561E1,-2.092151903E-2,-5.848862603E-2,-7.330167107E-3
1.070438744E1,-2.535016090E-2,-5.497625470E-2,-9.315420873E-3
1.071353921E1,-2.535016090E-2,-4.886778072E-2,-9.315420873E-3
1.072269103E1,-2.779355086E-2,-4.535540938E-2,-8.704573847E-3
1.073184285E1,-3.038965166E-2,-4.352286831E-2,-6.872031838E-3
1.074099462E1,-2.916795574E-2,-3.741439432E-2,-1.985253533E-3
1.075014645E1,-2.565558441E-2,-2.412846684E-2,2.901524538E-3
1.075929827E1,-2.076880634E-2,-1.084253844E-2,2.901524538E-3
1.076845009E1,-1.649287529E-2,-2.443389036E-3,6.108472589E-4
1.077760186E1,-1.542389300E-2,7.177455351E-3,-6.108472589E-4
1.078675369E1,-1.801999472E-2,1.801999472E-2,-1.985253533E-3
1.079590551E1,-1.985253580E-2,2.519745007E-2,-3.206948051E-3
1.080505728E1,-1.863084175E-2,2.825168520E-2,-1.527118147E-4
1.081420910E1,-1.740914769E-2,2.412846684E-2,4.734066315E-3
1.082336093E1,-1.863084175E-2,1.801999472E-2,9.009997360E-3
1.083251275E1,-2.107422985E-2,1.801999472E-2,9.009997360E-3
1.084166452E1,-2.428117767E-2,2.351761982E-2,8.399149403E-3
1.085081634E1,-2.199050039E-2,4.214845970E-2,5.344913341E-3
1.085996817E1,-1.710372418E-2,5.604523420E-2,4.123218823E-3
1.086911994E1,-1.466033421E-2,5.711421743E-2,4.581354442E-4
1.087827176E1,-1.756185852E-2,4.703523964E-2,-1.374406274E-3
1.088742358E1,-1.985253580E-2,3.008422814E-2,-3.206948051E-3
1.089657540E1,-1.481304597E-2,1.985253580E-2,-3.206948051E-3
1.090572718E1,-7.482878864E-3,1.679829881E-2,-4.886778072E-3
1.091487900E1,-5.039489828E-3,2.412846684E-2,-7.941014133E-3
1.092403082E1,-7.635590620E-3,3.726168349E-2,-1.038440317E-2
1.093318259E1,-1.511846948E-2,4.214845970E-2,-8.093725890E-3
1.094233442E1,-1.634016447E-2,4.214845970E-2,-6.872031838E-3
1.095148624E1,-1.191152167E-2,3.848337755E-2,-5.650337320E-3
1.096063806E1,-4.581354558E-3,3.191677108E-2,-6.108472589E-3
1.096978983E1,1.068982761E-3,2.580829710E-2,-4.275931045E-3
1.097894166E1,-3.817795310E-3,2.229592577E-2,-3.054236295E-3
1.098809348E1,-1.481304597E-2,1.740914769E-2,-4.428642802E-3
1.099724525E1,-1.908897609E-2,1.252236869E-2,-3.817795310E-3
1.100639707E1,-1.542389300E-2,1.191152167E-2,-6.108472589E-3
1.101554890E1,-1.420219894E-2,1.496575773E-2,-1.221694518E-2
1.102470067E1,-1.603474095E-2,1.740914769E-2,-1.542389300E-2
1.103385249E1,-1.801999472E-2,2.458660305E-2,-1.542389300E-2
1.104300431E1,-1.801999472E-2,2.641914412E-2,-1.603474095E-2
1.105215613E1,-2.168507688E-2,2.336490713E-2,-1.603474095E-2
1.106130791E1,-2.535016090E-2,1.908897609E-2,-1.298050396E-2
1.107045973E1,-2.657185495E-2,1.740914769E-2,-1.236965694E-2
1.107961155E1,-2.473931387E-2,2.153236605E-2,-1.236965694E-2
1.108876337E1,-2.168507688E-2,2.275406010E-2,-1.298050396E-2
1.109791514E1,-2.107422985E-2,2.580829710E-2,-1.542389300E-2
1.110706697E1,-1.985253580E-2,3.420744836E-2,-1.847812906E-2
1.111621879E1,-1.634016447E-2,4.260659590E-2,-1.786728203E-2
1.112537056E1,-1.740914769E-2,3.787253052E-2,-1.725643501E-2
1.113452238E1,-1.740914769E-2,2.825168520E-2,-1.664558798E-2
1.114367421E1,-1.053711493E-2,2.458660305E-2,-1.282779220E-2
1.115282603E1,-5.650337320E-3,2.825168520E-2,-1.038440317E-2
1.116197780E1,-1.130067464E-2,3.191677108E-2,-8.551862091E-3
1.117112962E1,-1.695101149E-2,3.603998944E-2,-5.650337320E-3
1.118028145E1,-2.367033064E-2,3.481829539E-2,-6.872031838E-3
1.118943322E1,-3.038965166E-2,3.420744836E-2,-1.175880991E-2
1.119858504E1,-2.977880463E-2,2.641914412E-2,-1.481304597E-2
1.120773686E1,-2.840439789E-2,2.458660305E-2,-1.725643501E-2
1.121688869E1,-3.145863488E-2,2.092151903E-2,-2.092151903E-2
1.122604046E1,-3.069507517E-2,1.130067464E-2,-2.153236605E-2
1.123519228E1,-2.687728032E-2,-2.596100792E-3,-2.214321308E-2
1.124434410E1,-2.443389036E-2,-7.941014133E-3,-2.336490713E-2
1.125349587E1,-2.260134928E-2,-5.650337320E-3,-2.702999115E-2
1.126264770E1,-2.260134928E-2,-7.635590737E-4,-3.191677108E-2
1.127179952E1,-1.511846948E-2,-3.206948051E-3,-3.298575059E-2
1.128095129E1,-5.803049076E-3,-7.941014133E-3,-3.298575059E-2
1.129010311E1,9.162708884E-4,-1.695101149E-2,-3.054236248E-2
1.129925494E1,9.162708884E-4,-2.305948362E-2,-2.565558441E-2
1.130840676E1,-2.137965523E-3,-2.779355086E-2,-2.382304333E-2
1.131755853E1,-1.374406274E-3,-3.680354729E-2,-2.137965336E-2
1.132671035E1,6.108472589E-4,-4.657710344E-2,-2.244863659E-2
1.133586218E1,6.108472589E-4,-5.253286287E-2,-2.428117767E-2
1.134501400E1,1.832541777E-3,-4.535540938E-2,-2.977880463E-2
1.135416577E1,4.123218823E-3,-2.840439789E-2,-3.405473381E-2
1.136331759E1,1.145338640E-2,-8.551862091E-3,-3.710897267E-2
1.137246942E1,1.801999472E-2,3.512371797E-3,-3.955236077E-2
1.138162119E1,2.550287358E-2,4.734066315E-3,-3.771981969E-2
1.139077301E1,3.283303976E-2,-1.374406274E-3,-3.634541109E-2
1.139992483E1,3.298575059E-2,-1.267508045E-2,-3.390202299E-2
1.140907666E1,3.008422814E-2,-2.840439789E-2,-3.084778599E-2
1.141822843E1,2.825168520E-2,-3.802524135E-2,-2.840439789E-2
1.142738025E1,2.641914412E-2,-3.497100621E-2,-2.779355086E-2
1.143653207E1,2.565558441E-2,-2.657185495E-2,-2.962609194E-2
1.144568384E1,2.748812735E-2,-1.695101149E-2,-3.634541109E-2
1.145483567E1,2.932066843E-2,-7.941014133E-3,-4.001049697E-2
1.146398749E1,3.100049868E-2,-1.985253533E-3,-3.878879920E-2
1.147313931E1,3.298575059E-2,-5.497625098E-3,-3.817795217E-2
1.148229108E1,4.413371533E-2,-9.162709117E-3,-3.939964995E-2
1.149144291E1,6.200099736E-2,-1.389677543E-2,-3.802524135E-2
1.150059473E1,7.635590434E-2,-3.374931216E-2,-3.298575059E-2
1.150974650E1,9.009996802E-2,-5.360184610E-2,-3.466558084E-2
1.151889832E1,1.050657257E-1,-6.810946763E-2,-3.894151375E-2
1.152805014E1,1.192679256E-1,-7.650861889E-2,-4.550812021E-2
1.153720197E1,1.304158866E-1,-8.551861346E-2,-4.963133857E-2
1.154635374E1,1.423274130E-1,-9.697200358E-2,-4.902049154E-2
1.155550556E1,1.591257155E-1,-1.096470803E-1,-4.825693369E-2
1.156465738E1,1.776038408E-1,-1.258345395E-1,-4.260659590E-2
1.157380916E1,1.963873953E-1,-1.475196183E-1,-3.817795217E-2
1.158296098E1,2.076880634E-1,-1.800472289E-1,-3.191677108E-2
1.159211280E1,2.116585821E-1,-2.095206082E-1,-2.702999115E-2
1.160126462E1,2.012741715E-1,-2.299840003E-1,-3.130592033E-2
1.161041640E1,1.823379099E-1,-2.403683960E-1,-4.062134400E-2
1.161956822E1,1.663031727E-1,-2.336490750E-1,-5.176930502E-2
1.162872004E1,1.514901221E-1,-2.168507725E-1,-5.864133686E-2
1.163787186E1,1.369825006E-1,-1.892099380E-1,-5.940489471E-2
1.164702363E1,1.125486046E-1,-1.550024897E-1,-5.833591148E-2
1.165617546E1,8.582404256E-2,-1.175880954E-1,-5.543438718E-2
1.166532728E1,5.696150661E-2,-7.482878864E-2,-4.657710344E-2
1.167447905E1,2.641914412E-2,-3.451287001E-2,-3.161134571E-2
1.168363087E1,7.635590620E-3,-1.221694518E-3,-1.817270555E-2
1.169278270E1,7.941014133E-3,3.191677108E-2,-1.221694518E-2
1.170193447E1,1.435491070E-2,5.665608495E-2,-1.023169141E-2
1.171108629E1,1.496575773E-2,6.627693027E-2,-1.206423342E-2
1.172023811E1,3.206948051E-3,6.795676053E-2,-1.343864016E-2
1.172938994E1,-1.466033421E-2,6.978929788E-2,-1.114796288E-2
1.173854171E1,-2.825168520E-2,7.223268598E-2,-5.650337320E-3
1.174769353E1,-2.641914412E-2,7.528692484E-2,-1.527118147E-4
1.175684535E1,-1.664558798E-2,7.162184268E-2,4.581354442E-4
1.176599718E1,-4.275931045E-3,6.856760383E-2,-4.886778072E-3
1.177514895E1,3.817795310E-3,6.627693027E-2,-1.038440317E-2
1.178430077E1,5.039489828E-3,6.612421572E-2,-1.404948719E-2
1.179345259E1,2.748812549E-3,5.726693198E-2,-1.466033421E-2
1.180260436E1,-7.177455351E-3,5.054761097E-2,-1.527118124E-2
1.181175619E1,-1.023169141E-2,4.932591692E-2,-1.527118124E-2
1.182090801E1,-5.955760833E-3,5.176930502E-2,-1.588202827E-2
1.183005978E1,1.527118147E-3,4.871506989E-2,-1.527118124E-2
1.183921160E1,2.290677279E-3,4.275930673E-2,-1.710372418E-2
1.184836343E1,-5.650337320E-3,2.947338112E-2,-1.893626526E-2
1.185751525E1,-1.481304597E-2,2.275406010E-2,-2.275406010E-2
1.186666702E1,-2.107422985E-2,2.519745007E-2,-2.580829710E-2
1.187581884E1,-2.107422985E-2,2.748812735E-2,-2.702999115E-2
1.188497066E1,-2.092151903E-2,2.504473738E-2,-3.252761811E-2
1.189412244E1,-2.275406010E-2,1.847812906E-2,-3.680354729E-2
1.190327426E1,-2.153236605E-2,1.298050396E-2,-3.313846514E-2
1.191242608E1,-1.832541823E-2,8.246437646E-3,-2.886253223E-2
1.192157791E1,-1.695101149E-2,-6.719320081E-3,-2.748812735E-2
1.193072968E1,-1.939439960E-2,-2.367033064E-2,-2.932066843E-2
1.193988150E1,-2.305948362E-2,-2.305948362E-2,-3.191677108E-2
1.194903332E1,-2.550287358E-2,-1.160609815E-2,-3.436015919E-2
1.195818515E1,-2.748812735E-2,-6.261184346E-3,-3.619270027E-2
1.196733692E1,-2.809897438E-2,-3.206948051E-3,-3.558185324E-2
1.197648874E1,-2.504473738E-2,9.162708884E-4,-3.619270027E-2
1.198564056E1,-2.076880634E-2,5.192201585E-3,-3.619270027E-2
1.199479233E1,-1.282779220E-2,7.024743594E-3,-3.420744836E-2
1.200394416E1,-6.719320081E-3,1.068982668E-2,-3.115320951E-2
1.201309598E1,-7.330167107E-3,2.519745007E-2,-2.993151546E-2
1.202224780E1,-1.740914769E-2,3.771981969E-2,-3.374931216E-2
1.203139957E1,-2.122694254E-2,4.566083103E-2,-3.680354729E-2
1.204055140E1,-8.857285604E-3,5.039490014E-2,-3.680354729E-2
1.204970322E1,9.162709117E-3,4.382828996E-2,-3.237490356E-2
1.205885504E1,2.641914412E-2,2.886253223E-2,-2.672456764E-2
1.206800681E1,4.016320780E-2,1.206423342E-2,-2.351761982E-2
1.207715863E1,4.764608666E-2,6.108472589E-4,-2.290677279E-2
1.208631046E1,4.902049154E-2,-1.145338640E-2,-2.458660305E-2
1.209546223E1,4.795150831E-2,-2.351761982E-2,-3.374931216E-2
1.210461405E1,5.039490014E-2,-2.962609194E-2,-4.046862945E-2
1.211376587E1,5.848862603E-2,-3.268032894E-2,-4.291202128E-2
1.212291770E1,6.780404598E-2,-4.107947648E-2,-4.337015375E-2
1.213206947E1,7.543963939E-2,-5.848862603E-2,-4.642439261E-2
1.214122129E1,8.551861346E-2,-8.383878320E-2,-4.932591692E-2
1.215037311E1,9.620844573E-2,-1.102579311E-1,-5.054761097E-2
1.215952494E1,1.081199646E-1,-1.294996142E-1,-5.100574717E-2
1.216867671E1,1.206423342E-1,-1.446180940E-1,-5.283828825E-2
1.217782853E1,1.287360638E-1,-1.621799469E-1,-5.635065958E-2
1.218698035E1,1.343863904E-1,-1.771457046E-1,-6.123743951E-2
1.219613212E1,1.400367320E-1,-1.892099380E-1,-6.658235192E-2
1.220528395E1,1.464506239E-1,-2.043284029E-1,-7.024743408E-2
1.221443577E1,1.508792788E-1,-2.206685692E-1,-7.574506104E-2
1.222358759E1,1.646233350E-1,-2.302894145E-1,-8.597674966E-2
1.223273936E1,1.794363856E-1,-2.290677279E-1,-1.059819981E-1
1.224189119E1,1.869192570E-1,-2.298312783E-1,-1.310267299E-1
1.225104301E1,1.931804419E-1,-2.304421216E-1,-1.510319859E-1
1.226019483E1,2.060082406E-1,-2.220429778E-1,-1.583621502E-1
1.226934660E1,2.244863659E-1,-2.159345001E-1,-1.557660550E-1
1.227849843E1,2.406738251E-1,-2.316638231E-1,-1.531699449E-1
1.228765025E1,2.594573796E-1,-2.683146596E-1,-1.530172378E-1
1.229680202E1,2.770192325E-1,-3.038965166E-1,-1.516428292E-1
1.230595384E1,2.790044844E-1,-3.261924386E-1,-1.479777545E-1
1.231510566E1,2.622061968E-1,-3.122956753E-1,-1.414111406E-1
1.232425749E1,2.353289127E-1,-2.652604282E-1,-1.331647038E-1
1.233340926E1,1.991362125E-1,-2.153236568E-1,-1.200314835E-1
1.234256108E1,1.605001241E-1,-1.731752008E-1,-1.044548824E-1
1.235171291E1,1.275143623E-1,-1.466033459E-1,-8.994726092E-2
1.236086473E1,1.027750522E-1,-1.400367320E-1,-7.421794534E-2
1.237001650E1,8.353336155E-2,-1.476723254E-1,-5.787777901E-2
1.237916832E1,6.322269142E-2,-1.568350345E-1,-4.581354558E-2
1.238832015E1,4.718795046E-2,-1.543916464E-1,-3.802524135E-2
1.239747197E1,3.603998944E-2,-1.429382563E-1,-3.191677108E-2
1.240662374E1,2.657185495E-2,-1.302631795E-1,-2.901524492E-2
1.241577556E1,1.298050396E-2,-1.243074164E-1,-2.977880463E-2
1.242492738E1,-2.443389036E-3,-1.224748790E-1,-3.527642787E-2
1.243407921E1,-1.893626526E-2,-1.363716573E-1,-4.275930673E-2
1.244323098E1,-3.100049868E-2,-1.562241912E-1,-5.008947477E-2
1.245238280E1,-3.145863488E-2,-1.707318127E-1,-5.192201585E-2
1.246153462E1,-2.535016090E-2,-1.696628332E-1,-5.008947477E-2
1.247068645E1,-1.420219894E-2,-1.684411317E-1,-4.825693369E-2
1.247983822E1,-3.054236295E-3,-1.779092699E-1,-4.627167806E-2
1.248899004E1,5.650337320E-3,-1.858502775E-1,-4.627167806E-2
1.249814186E1,1.298050396E-2,-1.797417998E-1,-4.795150831E-2
1.250729363E1,2.015795931E-2,-1.623326540E-1,-5.405998230E-2
1.251644546E1,3.726168349E-2,-1.327065676E-1,-6.322269142E-2
1.252559728E1,6.108472496E-2,-1.020114943E-1,-6.978929788E-2
1.253474910E1,8.796200156E-2,-6.948387623E-2,-7.635590434E-2
1.254390087E1,1.178935245E-1,-3.939964995E-2,-9.193251282E-2
1.255305270E1,1.511846930E-1,-1.771457121E-2,-1.137702987E-1
1.256220452E1,1.966928244E-1,-2.596100792E-3,-1.366770715E-1
1.257135634E1,2.502946556E-1,1.420219894E-2,-1.618745178E-1
1.258050811E1,3.063398898E-1,3.833066672E-2,-1.963873953E-1
1.258965994E1,3.587200642E-1,5.696150661E-2,-2.301367074E-1
1.259881176E1,4.037700295E-1,6.230641901E-2,-2.579302490E-1
1.260796358E1,4.395045936E-1,6.047387794E-2,-2.777827978E-1
1.261711535E1,4.698942602E-1,5.803048983E-2,-2.941229641E-1
1.262626718E1,4.934118688E-1,4.779879749E-2,-3.159607351E-1
1.263541900E1,5.140279531E-1,3.268032894E-2,-3.390202224E-1
1.264457082E1,5.216635466E-1,1.572931744E-2,-3.474193811E-1
1.265372259E1,5.283828974E-1,1.160609815E-2,-3.449759781E-1
1.266287442E1,5.318952799E-1,3.268032894E-2,-3.339807391E-1
1.267202624E1,5.303681493E-1,6.474980712E-2,-3.211529553E-1
1.268117806E1,5.343386531E-1,9.666658193E-2,-2.985515893E-1
1.269032983E1,5.431959033E-1,1.125486046E-1,-2.673983872E-1
1.269948166E1,5.442649126E-1,1.276670843E-1,-2.460187376E-1
1.270863348E1,5.274665952E-1,1.458397806E-1,-2.418955117E-1
1.271778530E1,5.051707029E-1,1.673721522E-1,-2.530434728E-1
1.272693707E1,4.976878166E-1,1.739387512E-1,-2.744231224E-1
1.273608890E1,5.071559548E-1,1.637070626E-1,-2.976353168E-1
1.274524072E1,5.184566379E-1,1.490467340E-1,-3.194731176E-1
1.275439254E1,5.199837089E-1,1.218640283E-1,-3.274141252E-1
1.276354436E1,5.082249045E-1,1.128540337E-1,-3.090887070E-1
1.277269613E1,4.869979918E-1,1.269035190E-1,-2.823641598E-1
1.278184796E1,4.633276463E-1,1.462979168E-1,-2.570139766E-1
1.279099978E1,4.402681589E-1,1.630962193E-1,-2.363978922E-1
1.280015160E1,4.179722369E-1,1.692046970E-1,-2.151709497E-1
1.280930337E1,4.106420577E-1,1.470614821E-1,-1.834068894E-1
1.281845520E1,4.219427407E-1,9.834641218E-2,-1.363716573E-1
1.282760702E1,4.570664763E-1,1.847812906E-2,-8.780929446E-2
1.283675884E1,5.060869455E-1,-1.024696305E-1,-5.436540768E-2
1.284591061E1,5.789304972E-1,-2.565558553E-1,-5.314370990E-2
1.285506244E1,6.901046634E-1,-4.095730782E-1,-7.971556485E-2
1.286421426E1,8.307522535E-1,-5.564818382E-1,-1.188097894E-1
1.287336608E1,9.944593310E-1,-7.058340311E-1,-1.664558798E-1
1.288251790E1,1.185654521E0,-8.412894011E-1,-2.127275616E-1
1.289166968E1,1.386165142E0,-9.171871543E-1,-2.594573796E-1
1.290082150E1,1.588355541E0,-9.454388618E-1,-3.269560039E-1
1.290997332E1,1.807038903E0,-9.706363082E-1,-4.140017331E-1
1.291912514E1,2.015948772E0,-9.749122262E-1,-5.181511641E-1
1.292826421E1,2.173241854E0,-9.347490072E-1,-6.337540150E-1
1.293742874E1,2.238296986E0,-8.567132950E-1,-7.345438004E-1
1.294658056E1,2.198744774E0,-7.443174124E-1,-7.734853625E-1
1.295573238E1,2.088944912E0,-6.088619828E-1,-7.682931423E-1
1.296488421E1,1.989834905E0,-4.877615273E-1,-7.427902818E-1
1.297403598E1,1.963721275E0,-3.975088596E-1,-7.380561829E-1
1.298318780E1,2.003578901E0,-2.997733057E-1,-7.653915882E-1
1.299233962E1,2.053515673E0,-1.676775664E-1,-7.272136807E-1
1.300149145E1,2.070161343E0,-1.114796288E-2,-6.241331697E-1
1.301064322E1,2.103910685E0,6.612421572E-2,-6.032116413E-1
1.301979504E1,2.111546278E0,1.490467340E-1,-6.783458591E-1
1.302894686E1,2.085127115E0,2.982461751E-1,-7.391251922E-1
1.303809869E1,2.060998678E0,4.391991794E-1,-7.380561829E-1
1.304725046E1,2.090013981E0,5.712949038E-1,-7.038487792E-1
1.305640228E1,2.168507814E0,6.178719997E-1,-7.020162344E-1
1.306555410E1,2.236769915E0,5.703786016E-1,-7.259919643E-1
1.307470593E1,2.275100708E0,4.466820657E-1,-7.615737915E-1
1.308385775E1,2.274947882E0,2.622061968E-1,-8.005153537E-1
1.309300952E1,2.218139172E0,7.024743408E-2,-8.191461563E-1
1.310216134E1,2.105437756E0,-8.765657991E-2,-7.947123051E-1
1.311131316E1,1.986933470E0,-2.250972092E-1,-7.466080785E-1
1.312045223E1,1.902636528E0,-3.341334462E-1,-6.995728016E-1
1.312961681E1,1.843536973E0,-4.280512035E-1,-6.571189165E-1
1.313876858E1,1.775427580E0,-5.021164417E-1,-6.252021790E-1
1.314790764E1,1.703805685E0,-5.552601814E-1,-6.006155610E-1
1.315707223E1,1.634932637E0,-5.978667736E-1,-5.558710098E-1
1.316622405E1,1.573237062E0,-6.303943992E-1,-5.019637346E-1
1.317536311E1,1.506043911E0,-6.381826997E-1,-4.486673176E-1
1.318452765E1,1.422052383E0,-6.314633489E-1,-4.169032574E-1
1.319367947E1,1.324011445E0,-6.351284385E-1,-4.054498672E-1
1.320283129E1,1.205507040E0,-6.274928451E-1,-3.886515796E-1
1.321198311E1,1.089293361E0,-5.986303091E-1,-3.662029207E-1
1.322113494E1,9.845330715E-1,-5.570927262E-1,-3.358132839E-1
1.323028671E1,8.933641315E-1,-4.986040890E-1,-2.932066917E-1
1.323943853E1,8.000571728E-1,-4.304946065E-1,-2.589992285E-1
1.324859035E1,7.038487792E-1,-3.625378609E-1,-2.457133085E-1
1.325774218E1,6.149705052E-1,-2.777827978E-1,-2.371614426E-1
1.326689395E1,5.503733754E-1,-1.656923145E-1,-2.133384049E-1
1.327604577E1,5.008947253E-1,-3.176405653E-2,-1.618745178E-1
1.328519759E1,4.514161348E-1,9.681928903E-2,-9.697200358E-2
1.329434942E1,4.101839364E-1,1.982199401E-1,-2.718270384E-2
1.330350124E1,3.915531039E-1,2.545706034E-1,3.252761811E-2
1.331265301E1,3.637595475E-1,2.473931462E-1,7.864658535E-2
1.332180483E1,3.078670204E-1,1.986780763E-1,1.127013192E-1
1.333095666E1,2.286095917E-1,1.522536725E-1,1.414111406E-1
1.334010848E1,1.360662282E-1,1.528645307E-1,1.682884246E-1
1.334926030E1,2.015795931E-2,2.153236568E-1,1.936385781E-1
1.335841207E1,-1.293469071E-1,2.990097404E-1,2.278460264E-1
1.336756390E1,-2.983988822E-1,3.742966652E-1,2.846548259E-1
1.337671572E1,-4.104893506E-1,3.912476599E-1,3.614688516E-1
1.338586754E1,-3.090887070E-1,4.185830951E-1,3.810159862E-1
1.339500660E1,-2.443389036E-2,5.590779781E-1,2.754921019E-1
1.340417113E1,1.044548824E-1,5.896202922E-1,1.835595965E-1
1.341332296E1,-1.224748790E-1,4.637857676E-1,3.066453338E-1
1.342246202E1,-5.132644176E-1,5.761816502E-1,5.407525301E-1
1.343162660E1,-7.411104441E-1,8.449544907E-1,6.574243903E-1
1.344077843E1,-7.414158583E-1,8.745805621E-1,6.537593007E-1
1.344991749E1,-7.075138092E-1,8.124268651E-1,6.288672686E-1
1.345908202E1,-8.266290426E-1,8.997780085E-1,6.511631608E-1
1.346823384E1,-1.114338160E0,1.044701576E0,7.284353375E-1
1.347737291E1,-1.357913494E0,1.231468081E0,8.139539957E-1
1.348653749E1,-1.388761282E0,1.748092175E0,8.750386834E-1
1.349568926E1,-1.221999884E0,1.821088433E0,9.701781869E-1
1.350482832E1,-1.270256877E0,1.230246425E0,1.076618314E0
1.351399290E1,-1.621646762E0,8.299887180E-1,1.179393291E0
1.352314473E1,-1.884921908E0,5.231906772E-1,1.282168388E0
1.353228379E1,-1.976549029E0,-1.252236869E-2,1.314237833E0
1.354144832E1,-1.986475229E0,-2.950392365E-1,1.209935665E0
1.355060014E1,-1.896528006E0,-3.897205591E-1,9.810206890E-1
1.355973921E1,-1.723658204E0,-5.887040496E-1,7.211052179E-1
1.356890379E1,-1.552773714E0,-8.089144826E-1,5.874823332E-1
1.357805561E1,-1.453052878E0,-9.585720897E-1,6.281036735E-1
1.358719462E1,-1.457023382E0,-1.059972763E0,7.637118101E-1
1.359635921E1,-1.545748949E0,-1.056613088E0,8.948912621E-1
1.360551103E1,-1.674637794E0,-8.745805621E-1,9.469659925E-1
1.361465009E1,-1.827807665E0,-6.146650314E-1,9.133693576E-1
1.362381468E1,-1.950893402E0,-3.066453338E-1,8.255600929E-1
1.363296645E1,-1.985558987E0,-3.405473381E-2,7.243121266E-1
1.364211827E1,-1.922030926E0,1.327065676E-1,6.452074051E-1
1.365127009E1,-1.831930876E0,2.139492482E-1,5.932853818E-1
1.366042192E1,-1.801083088E0,2.199050188E-1,5.716003180E-1
1.366957369E1,-1.851783514E0,2.176143378E-1,6.310052276E-1
1.367872551E1,-1.914395332E0,2.136438340E-1,6.997255087E-1
1.368787733E1,-1.934247851E0,2.854183912E-1,7.415685654E-1
1.369702916E1,-1.919892907E0,3.981196880E-1,7.372926474E-1
1.370618098E1,-1.935622215E0,4.498890042E-1,7.383615971E-1
1.371533275E1,-2.047254562E0,5.644228458E-1,7.948650122E-1
1.372447186E1,-2.175990582E0,6.627692580E-1,8.580876589E-1
1.373363640E1,-2.204853296E0,6.595623493E-1,9.878927469E-1
1.374278822E1,-2.135369301E0,6.358919740E-1,1.081810474E0
1.375192728E1,-1.980672240E0,5.877877474E-1,1.043327093E0
1.376109186E1,-1.768708229E0,4.790569544E-1,8.597674966E-1
1.377024363E1,-1.632183909E0,3.906368315E-1,6.824691296E-1
1.377938270E1,-1.755727768E0,4.934118688E-1,6.615476012E-1
1.378854728E1,-2.015337706E0,5.376983285E-1,7.304205894E-1
1.379769910E1,-2.166369915E0,4.472928941E-1,7.794411182E-1
1.380683816E1,-2.146822691E0,4.815003574E-1,8.883246183E-1
1.381600275E1,-2.079476833E0,7.734853625E-1,9.697200060E-1
1.382515452E1,-2.019919157E0,1.132968903E0,9.998042583E-1
1.383430634E1,-1.981130362E0,1.469393134E0,1.040120125E0
1.384345817E1,-1.899734974E0,1.649287581E0,1.105938911E0
1.385260999E1,-1.774816751E0,1.782299638E0,1.170841455E0
1.386176181E1,-1.660740972E0,1.889655948E0,1.255901933E0
1.387091358E1,-1.557355046E0,1.917144179E0,1.360967636E0
1.388006541E1,-1.530325055E0,1.964484811E0,1.420372605E0
1.388920447E1,-1.488940239E0,1.820019364E0,1.285833478E0
1.389836905E1,-1.518413544E0,1.735111594E0,1.130678296E0
1.390752087E1,-1.579803705E0,1.638445020E0,9.550597072E-1
1.391665994E1,-1.609277129E0,1.511236072E0,7.887565494E-1
1.392582447E1,-1.615690947E0,1.396091461E0,6.496360302E-1
1.393497629E1,-1.595533013E0,1.246433854E0,5.662553906E-1
1.394411535E1,-1.556896925E0,1.066844702E0,5.445703268E-1
1.395327994E1,-1.528034449E0,7.902836204E-1,5.529694557E-1
1.396243176E1,-1.481915474E0,4.558447599E-1,5.334223509E-1
1.397157082E1,-1.416554809E0,1.580567211E-1,4.424061179E-1
1.398073535E1,-1.390593767E0,-8.826743066E-2,3.585673273E-1
1.398988718E1,-1.408461094E0,-4.013266563E-1,2.712161839E-1
1.399902624E1,-1.480693698E0,-6.885775924E-1,1.867665499E-1
1.400819082E1,-1.580872655E0,-8.516737819E-1,1.440072358E-1
1.401734265E1,-1.638139606E0,-9.205468297E-1,1.223221645E-1
1.402648166E1,-1.612636805E0,-9.170344472E-1,8.582404256E-2
1.403564624E1,-1.511236072E0,-8.055548072E-1,5.467082933E-2
1.404479806E1,-1.374253631E0,-5.436540842E-1,7.498150319E-2
1.405393712E1,-1.192679286E0,-1.362189353E-1,1.583621502E-1
1.406310171E1,-9.269607067E-1,2.423536479E-1,2.370087355E-1
1.407225348E1,-5.980194807E-1,4.573718905E-1,2.495311052E-1
1.408139254E1,-2.745758295E-1,5.190674663E-1,1.681357026E-1
1.409055712E1,7.253811508E-2,4.563029110E-1,-5.344913341E-3
1.409970895E1,5.178457499E-1,3.217637837E-1,-2.310529798E-1
1.410884801E1,1.056154966E0,1.343863904E-1,-4.793623984E-1
1.411801254E1,1.607291818E0,-1.313321572E-2,-7.898254991E-1
1.412716436E1,2.105437756E0,-1.211004704E-1,-1.169008970E0
1.413630343E1,2.603583813E0,-2.218902707E-1,-1.564837933E0
1.414546801E1,3.074088812E0,-3.675773442E-1,-1.910730243E0
1.415461983E1,3.429449320E0,-5.902311802E-1,-2.117501974E0
1.416377166E1,3.583993673E0,-8.764131069E-1,-2.199813604E0
1.417292343E1,3.560170650E0,-1.115254402E0,-2.208976507E0
1.418207525E1,3.414483547E0,-1.161220670E0,-2.031677961E0
1.419121431E1,3.221150398E0,-1.158777237E0,-1.664253354E0
1.420037890E1,3.026442766E0,-1.104411840E0,-1.203979969E0
1.420953072E1,2.929165363E0,-9.607100487E-1,-7.815790772E-1
1.421866978E1,2.958027840E0,-9.402466416E-1,-6.458182931E-1
1.422783431E1,3.124941826E0,-9.590302110E-1,-8.987090588E-1
1.423698613E1,3.326521397E0,-9.710944295E-1,-1.305227876E0
1.424612520E1,3.447469234E0,-1.087460876E0,-1.531394124E0
1.425528978E1,3.521992683E0,-1.211615562E0,-1.554606318E0
1.426444160E1,3.595447063E0,-1.252847672E0,-1.501462579E0
1.427359343E1,3.639886141E0,-1.227039456E0,-1.422357798E0
1.428274520E1,3.610412836E0,-1.088071704E0,-1.300646544E0
1.429189702E1,3.511455536E0,-8.209787011E-1,-1.186112642E0
1.430103608E1,3.356452942E0,-5.454866290E-1,-1.102579355E0
1.431020067E1,3.241919041E0,-2.195995897E-1,-1.085170150E0
1.431935244E1,3.224204540E0,9.147437662E-2,-1.183974743E0
1.432850426E1,3.237032413E0,3.110739589E-1,-1.326912999E0
1.433765608E1,3.249096632E0,4.254551232E-1,-1.354401112E0
1.434680790E1,3.201756001E0,4.013266563E-1,-1.324774981E0
1.435595973E1,3.090887070E0,2.936648130E-1,-1.257123709E0
1.436511155E1,2.981698275E0,1.924168915E-1,-1.201536536E0
1.437426332E1,2.872051001E0,-4.031591862E-2,-1.152668834E0
1.438340238E1,2.818754673E0,-1.601946950E-1,-1.137092113E0
1.439256697E1,2.789586782E0,-1.133121699E-1,-1.170383334E0
1.440171879E1,2.712772608E0,-1.244601309E-1,-1.194053650E0
1.441085785E1,2.611066580E0,-2.805316150E-1,-1.181836724E0
1.442002244E1,2.504168272E0,-3.897205591E-1,-1.164885759E0
1.442917421E1,2.338934183E0,-4.778352678E-1,-1.125638843E0
1.443831327E1,2.145906448E0,-5.868715048E-1,-1.022405624E0
1.444747785E1,1.969218850E0,-6.775823236E-1,-8.753440976E-1
1.445662968E1,1.813605547E0,-7.206470370E-1,-7.304205894E-1
1.446578150E1,1.681357026E0,-7.539382577E-1,-5.671716928E-1
1.447493327E1,1.549108624E0,-8.208259940E-1,-3.634541333E-1
1.448408509E1,1.409835458E0,-9.005415440E-1,-1.957765520E-1
1.449322416E1,1.271325827E0,-9.600991607E-1,-9.239064902E-2
1.450238874E1,1.152210593E0,-9.625425935E-1,-6.322269142E-2
1.451154056E1,1.011410356E0,-8.646543026E-1,-6.917845458E-2
1.452067962E1,7.915053368E-1,-6.128324866E-1,-2.397575416E-2
1.452984416E1,5.068505406E-1,-2.603736520E-1,8.811471611E-2
1.453899598E1,1.643179059E-1,7.696675509E-2,2.283041626E-1
1.454813504E1,-1.991362125E-1,2.567085624E-1,3.898732662E-1
1.455729962E1,-5.199837089E-1,2.678565085E-1,5.867187977E-1
1.456645145E1,-7.386670709E-1,1.478250325E-1,8.008207679E-1
1.457559051E1,-8.487722874E-1,2.428117767E-2,1.016297102E0
1.458475504E1,-9.106205702E-1,6.872031838E-3,1.216044188E0
1.459390686E1,-1.043479800E0,8.765657991E-2,1.298203111E0
1.460304593E1,-1.259719729E0,2.993151546E-1,1.244601250E0
1.461221051E1,-1.624853730E0,6.772769094E-1,1.111589313E0
1.462136233E1,-2.133231401E0,1.315001488E0,9.086353183E-1
1.463050140E1,-2.276169538E0,1.637376070E0,6.563553810E-1
1.463966593E1,-1.289803982E0,9.779664874E-1,3.610107303E-1
1.464881775E1,-4.005630910E-1,4.308000207E-1,2.899997234E-1
1.465795681E1,-9.347490072E-1,7.504258752E-1,5.619794726E-1
1.466712140E1,-2.249597788E0,1.198634982E0,9.547542930E-1
1.467627317E1,-3.593003511E0,8.609892130E-1,1.301562786E0
1.468541223E1,-3.760833979E0,3.208475113E-1,1.320957184E0
1.469457681E1,-2.451482773E0,5.505260825E-1,1.097387075E0
1.470372863E1,-1.008203387E0,6.039752364E-1,7.563816309E-1
1.471286770E1,-1.934858710E-1,5.409052372E-1,4.917320311E-1
1.472203223E1,-1.198787764E-1,-1.803526580E-1,4.732539058E-1
1.473118405E1,-6.630746722E-1,-1.122737288E0,7.252284288E-1
1.474032311E1,-1.489398360E0,-1.639972210E0,1.154654026E0
1.474948770E1,-2.220582485E0,-1.701973200E0,1.491536260E0
1.475863952E1,-2.683757544E0,-1.434269309E0,1.418387294E0
1.476777858E1,-2.824710369E0,-9.869764447E-1,9.077190161E-1
1.477694311E1,-2.728349209E0,-4.211791754E-1,2.211267054E-1
1.478609494E1,-2.543873310E0,8.215895295E-2,-3.031329513E-1
1.479523400E1,-2.346875191E0,4.407263100E-1,-3.888042867E-1
1.480439858E1,-2.082530975E0,6.262711287E-1,-2.367033064E-2
1.481355040E1,-1.753895164E0,6.994200945E-1,5.190674663E-1
1.482268947E1,-1.504516840E0,6.946860552E-1,8.903098702E-1
1.483185400E1,-1.599350810E0,6.578825116E-1,1.070357084E0
1.484100582E1,-1.849492788E0,5.386145711E-1,1.184127450E0
1.485014488E1,-2.041909695E0,5.354076028E-1,1.212073684E0
1.485930947E1,-2.116585732E0,5.813738704E-1,1.144269586E0
1.486846129E1,-2.145295620E0,5.546492934E-1,1.108687758E0
1.487760030E1,-2.154000044E0,5.154023767E-1,1.068371892E0
1.488676488E1,-2.047712803E0,3.749074936E-1,1.017366052E0
1.489591671E1,-1.861404300E0,2.591519356E-1,9.289459586E-1
1.490506853E1,-1.785812020E0,2.805316150E-1,7.939487100E-1
1.491422035E1,-1.822310090E0,2.967190444E-1,6.384881139E-1
1.492337212E1,-1.900040388E0,2.631224692E-1,5.751127005E-1
1.493252395E1,-2.020071983E0,4.181249440E-1,6.522321701E-1
1.494167577E1,-2.131856918E0,5.848862529E-1,6.551336646E-1
1.495082759E1,-2.145295620E0,7.693621516E-1,6.737645268E-1
1.495997942E1,-2.005411625E0,7.463026643E-1,7.334748507E-1
1.496913119E1,-1.794363856E0,8.304468393E-1,7.672241330E-1
1.497828301E1,-1.672957897E0,1.162289619E0,8.044858575E-1
1.498743483E1,-1.725948930E0,1.646691442E0,9.588775039E-1
1.499658666E1,-1.791767716E0,1.759392858E0,1.137244940E0
1.500573848E1,-1.856212139E0,1.784590244E0,1.308892965E0
1.501489025E1,-1.918060422E0,1.717855215E0,1.349514365E0
1.502404207E1,-1.944632292E0,1.804442763E0,1.342489600E0
1.503319390E1,-1.891030431E0,2.040077209E0,1.309656501E0
1.504233296E1,-1.738623977E0,2.073521137E0,1.186112642E0
1.505149754E1,-1.566823244E0,1.970593214E0,9.901834130E-1
1.506064936E1,-1.439156175E0,1.860335350E0,7.609629631E-1
1.506978843E1,-1.370893955E0,1.706554532E0,5.460974574E-1
1.507895296E1,-1.342336893E0,1.482373595E0,3.857500553E-1
1.508810478E1,-1.291178346E0,1.257887244E0,2.721324563E-1
1.509724384E1,-1.215586066E0,1.030652046E0,2.130329758E-1
1.510640843E1,-1.119530320E0,7.189671993E-1,1.504211426E-1
1.511556025E1,-1.042716265E0,3.633013964E-1,7.971556485E-2
1.512471202E1,-9.898779988E-1,4.428642802E-3,-1.068982668E-2
1.513386384E1,-9.613208771E-1,-3.188622594E-1,-1.012479365E-1
1.514301566E1,-9.652913809E-1,-6.065713167E-1,-1.803526580E-1
1.515216749E1,-1.017824292E0,-8.426637650E-1,-2.496838123E-1
1.516131931E1,-1.110062122E0,-1.047297597E0,-3.129065037E-1
1.517047113E1,-1.211157441E0,-1.229024649E0,-3.434488773E-1
1.517961020E1,-1.276823521E0,-1.329050899E0,-3.408527672E-1
1.518877473E1,-1.241699815E0,-1.298050404E0,-2.800734639E-1
1.519792655E1,-1.100135922E0,-1.114796281E0,-1.522536725E-1
1.520706561E1,-8.692356348E-1,-8.240329623E-1,-4.275931045E-3
1.521623020E1,-5.711421967E-1,-5.489989519E-1,8.246438205E-2
1.522538202E1,-2.457133085E-1,-3.327590525E-1,7.849387079E-2
1.523452108E1,1.264453828E-1,-2.214321345E-1,1.023169141E-2
1.524368561E1,6.152759194E-1,-2.218902707E-1,-1.212531775E-1
1.525283744E1,1.184432864E0,-2.295258641E-1,-3.156553209E-1
1.526197650E1,1.734042645E0,-2.170034945E-1,-5.774033666E-1
1.527114108E1,2.215848446E0,-2.428117841E-1,-9.190196991E-1
1.528029291E1,2.627559423E0,-3.138227761E-1,-1.365549088E0
1.528943192E1,2.926569223E0,-5.380037427E-1,-1.793753028E0
1.529859650E1,3.079891920E0,-9.474241138E-1,-2.087265015E0
1.530774832E1,3.066911459E0,-1.338671803E0,-2.127428293E0
1.531688738E1,2.937106371E0,-1.447860718E0,-1.962804914E0
1.532605197E1,2.872509241E0,-1.143964171E0,-1.738165855E0
1.533520374E1,2.946727276E0,-7.481352091E-1,-1.460688472E0
1.534434280E1,3.075921297E0,-4.017847776E-1,-1.252389550E0
1.535350738E1,3.281318665E0,-2.547233105E-1,-1.163053155E0
1.536265921E1,3.579717636E0,-3.457395434E-1,-1.110825777E0
1.537179827E1,3.819780588E0,-5.971031785E-1,-1.085170150E0
1.538096280E1,3.895525694E0,-9.309312105E-1,-1.119224906E0
1.539011462E1,3.805425644E0,-1.124417067E0,-1.248571754E0
1.539925369E1,3.661418438E0,-1.104564548E0,-1.357760787E0
1.540841827E1,3.602777243E0,-9.816315174E-1,-1.328898191E0
1.541757009E1,3.651950359E0,-8.773293495E-1,-1.204590797E0
1.542670916E1,3.721128702E0,-7.191199064E-1,-1.126707792E0
1.543587369E1,3.743882895E0,-5.021164417E-1,-1.118155956E0
1.544502551E1,3.706468344E0,-1.737860441E-1,-1.132663488E0
1.545416457E1,3.652866602E0,1.433963925E-1,-1.220014691E0
1.546332916E1,3.540776253E0,4.091149569E-1,-1.360814929E0
1.547248098E1,3.341334581E0,5.201364160E-1,-1.373948216E0
1.548161999E1,3.078517437E0,4.340069890E-1,-1.278656006E0
1.549078457E1,2.836774588E0,2.825168669E-1,-1.203827262E0
1.549993640E1,2.686811686E0,1.342336833E-1,-1.156028390E0
1.550907546E1,2.606790781E0,1.572931744E-2,-1.059361815E0
1.551824004E1,2.596711636E0,-6.490252167E-2,-1.014159203E0
1.552739181E1,2.570750713E0,-2.522799075E-1,-1.002094984E0
1.553653093E1,2.455605984E0,-4.337015450E-1,-9.801044464E-1
1.554569546E1,2.299992561E0,-5.578562617E-1,-9.206995368E-1
1.555484728E1,2.140408754E0,-6.801784039E-1,-8.399149776E-1
1.556398634E1,1.993347287E0,-8.150229454E-1,-7.455390692E-1
1.557315087E1,1.840024710E0,-9.510892034E-1,-6.598677635E-1
1.558230270E1,1.685633063E0,-1.099219680E0,-5.839699507E-1
1.559144176E1,1.565754294E0,-1.241852522E0,-4.801259339E-1
1.560060634E1,1.473363638E0,-1.329356313E0,-3.263451457E-1
1.560975816E1,1.320346355E0,-1.257887244E0,-1.443126649E-1
1.561889723E1,1.119072199E0,-1.009883285E0,1.481304597E-2
1.562806176E1,9.290986657E-1,-6.983511448E-1,1.287360638E-1
1.563721358E1,7.185090780E-1,-4.126273096E-1,1.989834905E-1
1.564635264E1,4.801259339E-1,-1.771457046E-1,2.612899244E-1
1.565551723E1,2.391466945E-1,6.123743951E-2,3.271087110E-1
1.566466905E1,1.832541777E-3,2.432699203E-1,4.095730782E-1
1.567382087E1,-2.254026383E-1,2.999260128E-1,5.125008225E-1
1.568297265E1,-4.292729199E-1,2.229592502E-1,6.392516494E-1
1.569212447E1,-5.894675851E-1,8.628217876E-2,7.627955079E-1
1.570127629E1,-7.052231431E-1,2.626643144E-2,8.579349518E-1
1.571042811E1,-8.252546191E-1,8.399149776E-2,8.612946272E-1
1.571957988E1,-1.028055906E0,2.365505993E-1,8.163973689E-1
1.572873171E1,-1.412126184E0,4.750864506E-1,7.719582319E-1
1.573788353E1,-1.624242902E0,6.846070886E-1,6.720846891E-1
1.574703535E1,-7.744016051E-1,6.760551929E-1,4.283566475E-1
1.575617442E1,-4.450022280E-1,4.592044353E-1,3.526115716E-1
1.576533900E1,-1.686091185E0,1.093721986E0,5.607577562E-1
1.577449077E1,-2.601598501E0,2.319081545E0,8.452599049E-1
1.578362983E1,-2.530892849E0,2.061151266E0,1.105480790E0
1.579279442E1,-2.302588701E0,4.718795046E-2,1.319888234E0
1.580194624E1,-2.368102074E0,1.398840249E-1,1.457328796E0
1.581108530E1,-1.943563223E0,6.073349118E-1,1.266439080E0
1.582024983E1,-1.178324342E0,9.697200358E-2,8.081509471E-1
1.582940166E1,-7.146912813E-1,-1.131594554E-1,5.050179958E-1
1.583854072E1,-6.299362183E-1,-5.954233408E-1,5.535803437E-1
1.584770530E1,-8.806890249E-1,-1.330272675E0,8.765658140E-1
1.585685712E1,-1.421746969E0,-1.594922185E0,1.268729806E0
1.586599619E1,-2.048170805E0,-1.215738773E0,1.401894450E0
1.587516072E1,-2.501572132E0,-7.733326554E-1,1.127318621E0
1.588431254E1,-2.654284000E0,-4.217900336E-1,6.471926570E-1
1.589345160E1,-2.566474676E0,2.687728032E-2,2.145601064E-1
1.590261619E1,-2.374057770E0,4.036173224E-1,-1.679830020E-3
1.591176796E1,-2.179655790E0,6.126797795E-1,7.452336699E-2
1.592090707E1,-1.987697005E0,6.293253899E-1,4.069769979E-1
1.593007160E1,-1.762599707E0,4.975350797E-1,8.037222624E-1
1.593922343E1,-1.587286592E0,2.620534599E-1,1.094027400E0
1.594836249E1,-1.585606813E0,3.161134571E-2,1.200314879E0
1.595752707E1,-1.778939962E0,8.399149403E-3,1.197718740E0
1.596667884E1,-1.963263035E0,1.885990947E-1,1.107771516E0
1.597581791E1,-2.013505220E0,4.176668227E-1,9.875873327E-1
1.598498249E1,-2.015948772E0,5.419742465E-1,8.806890249E-1
1.599413431E1,-2.010145664E0,6.768187881E-1,8.371661901E-1
1.600328613E1,-2.037175655E0,7.238540053E-1,8.626690507E-1
1.601243791E1,-2.085432529E0,6.797202826E-1,8.299887180E-1
1.602158973E1,-2.074284554E0,7.197307944E-1,7.463026643E-1
1.603072879E1,-2.056417227E0,7.687512636E-1,6.548282504E-1
1.603989337E1,-1.977312565E0,7.279772162E-1,5.155550838E-1
1.604904520E1,-1.912715435E0,7.104153633E-1,5.900784731E-1
1.605819702E1,-1.915464282E0,6.974348426E-1,6.815528274E-1
1.606734879E1,-1.990903974E0,7.203416228E-1,6.998782754E-1
1.607650061E1,-2.034121275E0,6.671979427E-1,7.026270628E-1
1.608565244E1,-2.001135588E0,6.806365848E-1,7.298097610E-1
1.609480426E1,-1.962957621E0,9.836167693E-1,8.422056437E-1
1.610395608E1,-2.025874853E0,1.485427856E0,1.133274436E0
1.611309515E1,-2.078866005E0,1.811925650E0,1.452594757E0
1.612225968E1,-2.057944298E0,1.989376783E0,1.685327530E0
1.613141150E1,-1.986475229E0,2.059471607E0,1.693726778E0
1.614055056E1,-1.851936221E0,2.060082436E0,1.487718463E0
1.614971515E1,-1.654021621E0,2.002510071E0,1.149614573E0
1.615886697E1,-1.474432588E0,2.051530600E0,8.547280431E-1
1.616800598E1,-1.381125689E0,2.047254562E0,6.458182931E-1
1.617717056E1,-1.364480019E0,1.826280594E0,5.204418898E-1
1.618632238E1,-1.389830232E0,1.471531034E0,4.153761268E-1
1.619546145E1,-1.425870180E0,1.196344376E0,3.274141252E-1
1.620462603E1,-1.470309377E0,1.073258638E0,2.967190444E-1
1.621377780E1,-1.501157165E0,8.706100583E-1,2.782409191E-1
1.622291686E1,-1.509250879E0,4.979932308E-1,2.070772201E-1
1.623208145E1,-1.497644782E0,1.241547018E-1,1.304158866E-1
1.624123327E1,-1.465117097E0,-1.582094431E-1,6.429167092E-2
1.625037233E1,-1.427550077E0,-3.594835997E-1,3.665083647E-2
1.625953686E1,-1.365549088E0,-6.012263894E-1,6.108472589E-3
1.626868869E1,-1.269646049E0,-8.855758309E-1,-4.550812021E-2
1.627782775E1,-1.151905179E0,-1.138772011E0,-1.209477559E-1
1.628699233E1,-1.024238110E0,-1.262926698E0,-1.742441803E-1
1.629614416E1,-8.967237473E-1,-1.243532300E0,-1.971509457E-1
1.630528322E1,-7.789829373E-1,-1.047450304E0,-1.611109674E-1
1.631444775E1,-6.730009913E-1,-6.870504618E-1,-4.581354558E-2
1.632359957E1,-5.311316848E-1,-3.211529553E-1,7.895200700E-2
1.633273863E1,-3.034383655E-1,-9.529217333E-2,1.287360638E-1
1.634190322E1,8.521319181E-2,-4.062134400E-2,4.947862774E-2
1.635105504E1,6.586460471E-1,-2.305948362E-2,-1.626380831E-1
1.636019410E1,1.325385809E0,6.841489673E-2,-4.682144225E-1
1.636935863E1,1.942952394E0,2.417428046E-1,-8.151756525E-1
1.637851046E1,2.452857256E0,3.923166394E-1,-1.171910524E0
1.638764952E1,2.868691444E0,4.356867969E-1,-1.507876515E0
1.639681410E1,3.173656940E0,3.713951409E-1,-1.781077862E0
1.640596587E1,3.311403036E0,1.369825006E-1,-1.969218850E0
1.641510494E1,3.257343054E0,-2.432699203E-1,-2.073062897E0
1.642426952E1,3.064467907E0,-5.590779781E-1,-2.027249336E0
1.643342134E1,2.926721811E0,-7.049177289E-1,-1.794821978E0
1.644256041E1,2.955279112E0,-6.966713071E-1,-1.398382068E0
1.645172494E1,3.164799690E0,-6.897992492E-1,-9.657495022E-1
1.646087676E1,3.509622812E0,-6.878139973E-1,-7.350019813E-1
1.647001582E1,3.853377104E0,-7.557707429E-1,-6.702521443E-1
1.647918040E1,4.038616657E0,-9.379559755E-1,-8.037222624E-1
1.648833223E1,3.993719339E0,-1.078603506E0,-1.010952234E0
1.649747129E1,3.824972868E0,-1.207339644E0,-1.198940516E0
1.650663582E1,3.706468344E0,-1.360204101E0,-1.284459114E0
1.651578764E1,3.686921358E0,-1.500699043E0,-1.303548098E0
1.652492671E1,3.733040333E0,-1.535822749E0,-1.356844425E0
1.653409129E1,3.777326822E0,-1.419150949E0,-1.435949206E0
1.654324311E1,3.766636848E0,-1.218945742E0,-1.389219403E0
1.655238218E1,3.667526960E0,-8.817580342E-1,-1.229482770E0
1.656154671E1,3.483661890E0,-5.596888065E-1,-1.102884769E0
1.657069853E1,3.286816359E0,-3.603998721E-1,-1.075091124E0
1.657983759E1,3.095926523E0,-2.125748396E-1,-1.105786204E0
1.658900218E1,2.943214893E0,-1.575985998E-1,-1.139382839E0
1.659815395E1,2.774315596E0,-1.554606259E-1,-1.144727707E0
1.660729301E1,2.627864838E0,-1.397313178E-1,-1.073716760E0
1.661645759E1,2.502794027E0,-1.363716573E-1,-9.378032684E-1
1.662560942E1,2.421398640E0,-1.730224788E-1,-8.590039611E-1
1.663474848E1,2.404600143E0,-2.133384049E-1,-8.536590338E-1
1.664391306E1,2.412846565E0,-3.164188862E-1,-8.620582223E-1
1.665306483E1,2.382304192E0,-4.912739098E-1,-8.695410490E-1
1.666220390E1,2.312056780E0,-6.006155610E-1,-9.193251133E-1
1.667136848E1,2.212946892E0,-6.827745438E-1,-9.394831061E-1
1.668052030E1,2.075811625E0,-8.070819378E-1,-9.025267959E-1
1.668967212E1,1.928902984E0,-9.455915689E-1,-8.144121170E-1
1.669882390E1,1.778787255E0,-1.066997409E0,-6.858287454E-1
1.670797572E1,1.597060204E0,-1.102121115E0,-4.862344265E-1
1.671712754E1,1.373337388E0,-1.036607742E0,-3.009949923E-1
1.672627936E1,1.158471823E0,-9.155073166E-1,-2.079934925E-1
1.673543119E1,9.805625677E-1,-7.945595980E-1,-1.939440072E-1
1.674457025E1,8.142594099E-1,-6.653653979E-1,-1.885990947E-1
1.675373478E1,5.975613594E-1,-3.894151151E-1,-1.346918195E-1
1.676288660E1,2.812951505E-1,6.429167092E-2,1.374406274E-3
1.677202566E1,-1.108687744E-1,4.628695250E-1,1.962346882E-1
1.678119025E1,-5.183038712E-1,5.906893015E-1,3.855973184E-1
1.679034202E1,-8.733588457E-1,4.949389994E-1,5.786250830E-1
1.679949384E1,-1.105328083E0,2.750339806E-1,7.937960029E-1
1.680864566E1,-1.249946237E0,9.040539712E-2,9.932376146E-1
1.681779749E1,-1.413958669E0,2.443389036E-2,1.134496093E0
1.682694931E1,-1.687160134E0,9.223793447E-2,1.188556075E0
1.683610108E1,-1.989834905E0,2.724378705E-1,1.119072199E0
1.684525291E1,-1.389982939E0,4.398100376E-1,8.588512540E-1
1.685439197E1,4.265241027E-1,-1.229330078E-1,4.520269632E-1
1.686355655E1,-1.569877416E-1,-2.443389036E-2,4.746283293E-1
1.687270837E1,-2.415290117E0,1.144116879E0,7.826480269E-1
1.688184744E1,-3.362103224E0,3.105852842E0,1.062874198E0
1.689101197E1,-3.081266403E0,1.659977436E0,1.088529825E0
1.690016379E1,-2.597475290E0,2.347180545E-1,1.138772011E0
1.690930285E1,-1.774205923E0,1.030193925E0,1.285069942E0
1.691846744E1,-7.021689415E-1,9.358180165E-1,1.194969893E0
1.692761921E1,-1.212531775E-1,9.743013978E-2,9.486457705E-1
1.693675832E1,-3.397837877E-1,-8.165500760E-1,7.615737915E-1
1.694592285E1,-9.738432169E-1,-1.611262321E0,7.608102560E-1
1.695507468E1,-1.669750929E0,-2.079018593E0,9.949174523E-1
1.696421374E1,-2.251277685E0,-2.013352633E0,1.229482770E0
1.697337832E1,-2.508138895E0,-1.364021897E0,1.138772011E0
1.698253009E1,-2.488744497E0,-7.869240046E-1,7.324058414E-1
1.699166916E1,-2.375585079E0,-1.714953631E-1,2.515163720E-1
1.700083374E1,-2.214626789E0,4.308000207E-1,-3.603998944E-2
1.700998556E1,-2.004495382E0,8.124268651E-1,5.115845799E-2
1.701912462E1,-1.791462302E0,1.005759954E0,4.330907166E-1
1.702828916E1,-1.665780425E0,1.025154471E0,8.638907075E-1
1.703744098E1,-1.653868914E0,9.329164624E-1,1.158319116E0
1.704658004E1,-1.756949425E0,9.101623893E-1,1.251626015E0
1.705574462E1,-1.921572804E0,9.773555994E-1,1.258345366E0
1.706489645E1,-2.025722265E0,1.080130696E0,1.219098449E0
1.707403546E1,-2.034579515E0,1.212989926E0,1.123042703E0
1.708320004E1,-1.995332599E0,1.163663983E0,9.860602021E-1
1.709235186E1,-1.971356869E0,1.087308168E0,8.542698622E-1
1.710150369E1,-1.959750772E0,1.017976999E0,7.151494026E-1
1.711065551E1,-1.738165855E0,1.644248128E0,5.031854510E-1
1.711980728E1,-1.744121671E0,7.282826304E-1,3.292466700E-1
1.712894634E1,-2.070161343E0,-2.898470163E-1,4.051444530E-1
1.713811093E1,-2.062373161E0,1.357607991E-1,5.844281316E-1
1.714726275E1,-1.897749662E0,2.585411072E-1,6.325323582E-1
1.715640181E1,-1.770846248E0,5.436540768E-2,6.244385839E-1
1.716556634E1,-1.817881465E0,1.939439960E-2,6.143596172E-1
1.717471816E1,-1.999303102E0,3.031329513E-1,6.531484127E-1
1.718385723E1,-2.128802776E0,5.453338623E-1,7.235485911E-1
1.719302181E1,-2.036106586E0,6.725428104E-1,8.302941322E-1
1.720217363E1,-1.800624967E0,8.851176500E-1,8.483141065E-1
1.721131270E1,-1.730072141E0,1.391510010E0,8.887827396E-1
1.722047723E1,-1.821851969E0,1.983268380E0,1.094791055E0
1.722962905E1,-1.957918167E0,2.345500708E0,1.329814434E0
1.723876811E1,-1.926459551E0,2.278460264E0,1.454580069E0
1.724793270E1,-1.833305359E0,2.206380367E0,1.451678514E0
1.725708447E1,-1.754811406E0,2.261356592E0,1.295759797E0
1.726622353E1,-1.678761005E0,2.336490870E0,1.047144890E0
1.727538811E1,-1.630198598E0,2.159345150E0,7.270609736E-1
1.728453994E1,-1.633710980E0,1.658603072E0,4.165978432E-1
1.729367900E1,-1.686091185E0,1.013853788E0,1.510319859E-1
1.730284353E1,-1.807497025E0,4.957025647E-1,4.856235534E-2
1.731199535E1,-1.963110328E0,5.604523420E-2,3.436015919E-2
1.732113442E1,-2.072757483E0,-4.514161348E-1,4.489727318E-2
1.733029900E1,-2.097191334E0,-9.631534219E-1,5.054761097E-2
1.733945082E1,-2.091235638E0,-1.226428628E0,5.512896553E-2
1.734858988E1,-2.091999054E0,-1.280641317E0,6.612421572E-2
1.735775442E1,-2.080393076E0,-1.290720224E0,-5.772506446E-2
1.736690624E1,-2.113073349E0,-1.226734042E0,-3.297048211E-1
1.737604530E1,-2.141935825E0,-1.072647810E0,-3.825430870E-1
1.738520988E1,-2.035190344E0,-5.349494815E-1,-6.276455522E-2
1.739436171E1,-1.689298153E0,1.191152167E-2,3.629959822E-1
1.740350077E1,-1.259414315E0,3.451287150E-1,6.424586177E-1
1.741266530E1,-6.901046634E-1,3.947600424E-1,5.883986354E-1
1.742181712E1,1.293469071E-1,3.917058110E-1,2.638860047E-1
1.743095619E1,1.064095974E0,4.827220440E-1,-1.534753740E-1
1.744012077E1,1.875911951E0,5.963396430E-1,-5.483881235E-1
1.744927254E1,2.434531689E0,6.777350307E-1,-9.188669920E-1
1.745841160E1,2.808217525E0,6.771242023E-1,-1.252542257E0
1.746757619E1,3.082640648E0,6.499415040E-1,-1.537044406E0
1.747672801E1,3.257190228E0,5.366293192E-1,-1.767181158E0
1.748586707E1,3.262993336E0,2.394521236E-1,-1.939134598E0
1.749503160E1,3.076532125E0,-1.884463727E-1,-1.996401548E0
1.750418343E1,2.814784050E0,-5.253286362E-1,-1.922183633E0
1.751332249E1,2.705900669E0,-7.169819474E-1,-1.701056957E0
1.752248707E1,2.818601847E0,-7.979192138E-1,-1.360204101E0
1.753163890E1,3.109670639E0,-9.872818589E-1,-1.018435121E0
1.754077796E1,3.561697721E0,-1.300341129E0,-8.293778896E-1
1.754994249E1,4.007921696E0,-1.633558273E0,-8.553388715E-1
1.755909431E1,4.273334503E0,-1.945243120E0,-1.012632012E0
1.756823337E1,4.373971939E0,-2.090013981E0,-1.229788303E0
1.757739796E1,4.423755646E0,-2.054890156E0,-1.381583810E0
1.758654973E1,4.421465397E0,-1.858502746E0,-1.406017661E0
1.759568884E1,4.301280975E0,-1.659824729E0,-1.393037200E0
1.760485337E1,4.101228714E0,-1.512915969E0,-1.336533785E0
1.761400520E1,3.940728426E0,-1.257887244E0,-1.210852027E0
1.762314426E1,3.812755823E0,-7.970029712E-1,-1.203521848E0
1.763230884E1,3.740828514E0,-3.109212518E-1,-1.388761282E0
1.764146061E1,3.620338917E0,1.721062213E-1,-1.595227599E0
1.765059968E1,3.376000166E0,4.616478086E-1,-1.700293303E0
1.765976426E1,3.033772945E0,6.009209752E-1,-1.700446010E0
1.766891608E1,2.686964273E0,6.116108298E-1,-1.595380306E0
1.767805515E1,2.443999767E0,5.419742465E-1,-1.443737507E0
1.768721968E1,2.346569777E0,5.066977739E-1,-1.336991906E0
1.769637150E1,2.374210596E0,4.709632397E-1,-1.242157936E0
1.770551056E1,2.438502312E0,4.002576768E-1,-1.134190679E0
1.771467514E1,2.478359938E0,2.887780368E-1,-1.011563063E0
1.772382692E1,2.440181971E0,1.554606259E-1,-8.842014074E-1
1.773296598E1,2.353441715E0,1.053711493E-2,-7.466080785E-1
1.774213056E1,2.240282297E0,-1.640124917E-1,-6.227588058E-1
1.775128238E1,2.137507200E0,-4.288147688E-1,-5.299099684E-1
1.776042145E1,2.055500984E0,-7.307260633E-1,-4.709632397E-1
1.776958598E1,1.939745426E0,-9.604045749E-1,-4.582881629E-1
1.777873780E1,1.759545565E0,-1.037524104E0,-3.874298632E-1
1.778788962E1,1.561172843E0,-1.002858520E0,-2.050919682E-1
1.779704145E1,1.331341624E0,-8.898517489E-1,-1.496575773E-2
1.780619327E1,1.007134438E0,-7.988355160E-1,9.330692142E-2
1.781533233E1,6.468872428E-1,-7.734853625E-1,1.053711548E-1
1.782449686E1,3.581092060E-1,-5.155550838E-1,8.047912270E-2
1.783364869E1,1.545443535E-1,-1.374406274E-3,6.704048812E-2
1.784278775E1,-4.199574888E-2,3.813214004E-1,1.227803007E-1
1.785195233E1,-3.138227761E-1,4.430169761E-1,2.875563502E-1
1.786110416E1,-6.369609833E-1,1.933331639E-1,5.499152541E-1
1.787025593E1,-9.371923804E-1,-1.261399537E-1,8.032641411E-1
1.787940775E1,-1.150530815E0,-1.992889196E-1,9.813261032E-1
1.788855957E1,-1.339282632E0,1.230857223E-1,1.052489877E0
1.789771140E1,-1.654632568E0,6.062659025E-1,1.012021184E0
1.790686316E1,-1.884311080E0,6.445965767E-1,8.802309036E-1
1.791601499E1,-1.185959935E0,1.481304597E-2,5.803049207E-1
1.792515405E1,-7.496622801E-1,1.572931707E-1,4.679090083E-1
1.793431863E1,-1.482526302E0,1.296676040E0,7.116370797E-1
1.794347046E1,-2.109102964E0,2.463088751E0,9.634588361E-1
1.795260952E1,-2.532572746E0,1.459466815E0,1.024085402E0
1.796177405E1,-3.152582645E0,3.197785318E-1,1.065164924E0
1.797092587E1,-2.952682972E0,8.377770185E-1,1.097997904E0
1.798006494E1,-1.740151167E0,9.512419105E-1,9.756757617E-1
1.798922952E1,-5.946598053E-1,6.697940230E-1,7.922688723E-1
1.799838129E1,-3.100049868E-2,1.046075895E-1,7.203416228E-1
1.800752035E1,-2.185306102E-1,-9.475768209E-1,7.875348330E-1
1.801668494E1,-1.023779988E0,-1.717091680E0,9.900307059E-1
1.802583676E1,-1.963873982E0,-1.591257095E0,1.188403368E0
1.803497582E1,-2.498823404E0,-1.133885264E0,1.100135922E0
1.804414035E1,-2.557312012E0,-6.696413159E-1,6.994200945E-1
1.805329218E1,-2.374974251E0,-1.023169141E-2,1.945548505E-1
1.806243124E1,-2.204700470E0,5.737382770E-1,-1.844758689E-1
1.807159582E1,-2.128344536E0,8.945857882E-1,-2.745758295E-1
1.808074765E1,-2.078255177E0,1.048672080E0,-3.252761811E-2
1.808988671E1,-1.944479585E0,1.028514028E0,4.277457893E-1
1.809905124E1,-1.719534993E0,9.272661209E-1,8.336538076E-1
1.810820306E1,-1.589730024E0,7.698202729E-1,1.052642584E0
1.811734212E1,-1.636001706E0,6.671979427E-1,1.149461865E0
1.812650671E1,-1.791462302E0,6.664343476E-1,1.192373872E0
1.813565848E1,-1.934705973E0,7.009472251E-1,1.157708287E0
1.814479754E1,-2.002051830E0,6.904101372E-1,1.080894232E0
1.815396212E1,-2.032899618E0,5.804576278E-1,1.028819442E0
1.816311395E1,-2.037786484E0,6.108472347E-1,9.304730892E-1
1.817226572E1,-2.005411625E0,6.685723066E-1,7.591304183E-1
1.818141754E1,-1.931499004E0,5.515950918E-1,5.416688323E-1
1.819056936E1,-1.871483326E0,4.016320705E-1,3.620797098E-1
1.819972119E1,-1.778634548E0,2.035648525E-1,2.438807636E-1
1.820887301E1,-1.674026966E0,1.162136942E-1,1.902789176E-1
1.821802478E1,-1.598587275E0,1.627907902E-1,1.872246861E-1
1.822716384E1,-1.680135369E0,4.065188468E-1,3.200839758E-1
1.823632843E1,-1.859724522E0,5.604523420E-1,6.184828281E-1
1.824548025E1,-1.925085187E0,4.917320311E-1,7.682931423E-1
1.825463207E1,-1.881256819E0,5.908420086E-1,8.272398710E-1
1.826378384E1,-1.865222096E0,1.016144395E0,9.552124143E-1
1.827293567E1,-1.863542318E0,1.373031974E0,1.143658757E0
1.828207473E1,-1.911493778E0,1.659519315E0,1.392273664E0
1.829123931E1,-1.988918662E0,1.827502251E0,1.561325550E0
1.830039113E1,-2.011672735E0,1.952420592E0,1.603168607E0
1.830954290E1,-1.954405785E0,2.109713793E0,1.576749444E0
1.831869473E1,-1.843842506E0,2.316332817E0,1.522994876E0
1.832784655E1,-1.657534003E0,2.349318504E0,1.394869685E0
1.833698561E1,-1.452900171E0,2.240893126E0,1.202147365E0
1.834615020E1,-1.289498568E0,2.032747030E0,8.926005363E-1
1.835530197E1,-1.238034725E0,1.738013148E0,5.439594984E-1
1.836444103E1,-1.301715493E0,1.350430608E0,2.328855246E-1
1.837360561E1,-1.377613306E0,7.979192138E-1,-1.953184158E-1
1.838275744E1,-1.579803705E0,5.699204803E-1,-3.235963285E-1
1.839189650E1,-1.753437042E0,1.710372269E-1,-2.513636351E-1
1.840106103E1,-1.778939962E0,-3.558185399E-1,-1.056765765E-1
1.841021285E1,-1.695711970E0,-7.547017932E-1,8.093725890E-3
1.841935192E1,-1.558882236E0,-9.912523627E-1,4.046862945E-2
1.842851650E1,-1.418387294E0,-1.106855273E0,-8.551862091E-3
1.843766832E1,-1.279877663E0,-1.171604991E0,-1.198787764E-1
1.844680738E1,-1.128387570E0,-1.164580345E0,-2.452551723E-1
1.845597192E1,-9.593356252E-1,-9.481876493E-1,-3.156553209E-1
1.846512374E1,-7.565343380E-1,-5.205945969E-1,-2.828222811E-1
1.847426280E1,-4.552339315E-1,-1.490467340E-1,-1.661504507E-1
1.848342738E1,-8.460234851E-2,1.944021434E-1,-5.314370990E-2
1.849257916E1,2.942756712E-1,4.471401870E-1,-1.142284349E-1
1.850171822E1,6.988092661E-1,5.677825212E-1,-4.027010500E-1
1.851088280E1,1.151752472E0,6.751389503E-1,-7.476770282E-1
1.852003462E1,1.622104883E0,7.933378816E-1,-1.051573515E0
1.852917369E1,2.056875467E0,9.272661209E-1,-1.375322580E0
1.853833822E1,2.415748119E0,1.013242841E0,-1.719687700E0
1.854749004E1,2.642678022E0,9.210049510E-1,-1.976854444E0
1.855662910E1,2.725142241E0,5.544965863E-1,-2.070772171E0
1.856579369E1,2.754615784E0,6.581879407E-2,-2.022515297E0
1.857494546E1,2.841050625E0,-2.174616307E-1,-1.777565479E0
1.858408452E1,3.003688574E0,-1.478250325E-1,-1.308129430E0
1.859324910E1,3.153804302E0,4.199574888E-2,-7.325585485E-1
1.860240093E1,3.218859673E0,-1.221694518E-2,-2.735068500E-1
1.861153999E1,3.244057178E0,-4.254551232E-1,-1.160609797E-1
1.862070457E1,3.288190842E0,-9.527690411E-1,-2.893888950E-1
1.862985634E1,3.338127613E0,-1.423426867E0,-6.178719997E-1
1.863899541E1,3.449301720E0,-1.791156888E0,-1.055849433E0
1.864815999E1,3.634846687E0,-1.949824452E0,-1.460993886E0
1.865731181E1,3.828943253E0,-1.942799687E0,-1.621494055E0
1.866645087E1,3.987305403E0,-1.917602301E0,-1.525132895E0
1.867561541E1,4.051749706E0,-1.912410021E0,-1.331036210E0
1.868476723E1,3.983640432E0,-1.853768706E0,-1.080588818E0
1.869390629E1,3.789391041E0,-1.632947445E0,-9.356653094E-1
1.870307087E1,3.521992683E0,-1.232537031E0,-9.133693576E-1
1.871222270E1,3.286969185E0,-7.798992395E-1,-9.269607067E-1
1.872136171E1,3.142503738E0,-4.651601911E-1,-9.691091776E-1
1.873052629E1,3.067064047E0,-3.341334462E-1,-1.023474574E0
1.873967811E1,2.996969461E0,-3.379512429E-1,-1.072189689E0
1.874881718E1,2.900455475E0,-3.837648034E-1,-1.019198656E0
1.875798171E1,2.805010557E0,-3.990359604E-1,-8.713735938E-1
1.876713353E1,2.715826988E0,-4.262186885E-1,-7.261446714E-1
1.877627259E1,2.665737391E0,-5.056288242E-1,-6.543701291E-1
1.878543718E1,2.645274162E0,-6.597150564E-1,-5.951179266E-1
1.879458900E1,2.598849773E0,-8.072346449E-1,-5.410579443E-1
1.880372806E1,2.480039835E0,-9.000834227E-1,-5.033381581E-1
1.881289259E1,2.323052168E0,-9.471186996E-1,-4.653128982E-1
1.882204442E1,2.186222315E0,-1.023779988E0,-4.527905285E-1
1.883118348E1,2.026180267E0,-1.108535051E0,-4.569137394E-1
1.884034806E1,1.848576546E0,-1.172674060E0,-4.434750974E-1
1.884949983E1,1.677539229E0,-1.190693974E0,-3.665083647E-1
1.885865166E1,1.461757541E0,-1.118155956E0,-2.189887464E-1
1.886780348E1,1.196344376E0,-1.014311910E0,-5.986303091E-2
1.887695530E1,9.000834227E-1,-9.552124143E-1,5.711421743E-2
1.888609436E1,5.949652195E-1,-7.661551833E-1,1.342336833E-1
1.889525890E1,3.474193811E-1,-2.029540092E-1,2.029540092E-1
1.890441072E1,1.397313178E-1,4.370612204E-1,2.944283783E-1
1.891356254E1,-1.088835225E-1,7.023216486E-1,4.219427407E-1
1.892271436E1,-4.143071473E-1,5.561764240E-1,6.183301210E-1
1.893186613E1,-6.815528274E-1,1.343863904E-1,8.909206986E-1
1.894101796E1,-8.736643195E-1,-2.988570333E-1,1.162289619E0
1.895016978E1,-1.029430389E0,-4.773771465E-1,1.337144613E0
1.895932160E1,-1.155112147E0,-2.811424434E-1,1.351346850E0
1.896846067E1,-1.292705536E0,8.338065445E-2,1.201689243E0
1.897762520E1,-8.958075047E-1,2.603736520E-1,8.417475224E-1
1.898677702E1,-1.227803007E-1,-3.107685447E-1,4.201101959E-1
1.899591608E1,-9.399412274E-1,6.536065787E-2,4.410317242E-1
1.900508066E1,-2.198286533E0,1.481304646E0,7.754706144E-1
1.901423249E1,-2.448886633E0,2.548301935E0,1.143506050E0
1.902337155E1,-2.268533945E0,7.832589149E-1,1.369672298E0
1.903253608E1,-2.517912388E0,-1.637070626E-1,1.557355046E0
1.904168790E1,-2.422925711E0,6.464291215E-1,1.573848009E0
1.905082697E1,-1.512915969E0,6.584933400E-1,1.188250661E0
1.905999150E1,-6.039752364E-1,3.199312389E-1,6.814001203E-1
1.906914332E1,-2.504473627E-1,-3.174878657E-1,4.553866386E-1
1.907828238E1,-4.885250926E-1,-1.273616552E0,5.844281316E-1
1.908744697E1,-1.123958945E0,-1.918060422E0,9.132166505E-1
1.909659874E1,-1.772831440E0,-1.756338596E0,1.117850542E0
1.910573780E1,-2.144531965E0,-1.254527569E0,9.329164624E-1
1.911490238E1,-2.278154850E0,-7.821899056E-1,4.779879749E-1
1.912405421E1,-2.258607626E0,-1.391204596E-1,3.359659761E-2
1.913319327E1,-2.155679941E0,4.443913698E-1,-1.406475753E-1
1.914235780E1,-2.027554750E0,8.412894011E-1,5.894676223E-2
1.915150962E1,-1.858655453E0,1.070204377E0,4.538595080E-1
1.916064869E1,-1.635238171E0,1.121057391E0,7.296570539E-1
1.916981327E1,-1.555827975E0,1.158929944E0,8.412894011E-1
1.917896509E1,-1.664558768E0,1.154806733E0,8.783983588E-1
1.918810416E1,-1.765501261E0,1.132510781E0,9.254335761E-1
1.919726869E1,-1.753131628E0,1.094180107E0,9.675820470E-1
1.920642051E1,-1.734806180E0,1.023169160E0,1.006218195E0
1.921555957E1,-1.745343328E0,9.229902029E-1,9.634588361E-1
1.922472410E1,-1.806275368E0,8.342646360E-1,8.226585388E-1
1.923387593E1,-1.896833420E0,7.649334669E-1,6.644490957E-1
1.924302775E1,-1.952267885E0,7.282826304E-1,5.804576278E-1
1.925217957E1,-1.640430331E0,1.346612811E0,4.497362971E-1
1.926133140E1,-1.505127668E0,6.409314871E-1,4.005630910E-1
1.927047046E1,-1.847660303E0,-4.436278343E-1,4.483618736E-1
1.927963499E1,-1.851630807E0,-1.327065676E-1,4.376720488E-1
1.928878681E1,-1.699529767E0,2.609844804E-1,3.964398801E-1
1.929792587E1,-1.555522561E0,1.215586066E-1,2.863346636E-1
1.930709046E1,-1.569419265E0,3.038965166E-2,2.551814318E-1
1.931624223E1,-1.736027956E0,3.356605768E-1,3.955236077E-1
1.932538129E1,-1.820019364E0,5.610632300E-1,5.816792846E-1
1.933454587E1,-1.791156888E0,7.731798887E-1,7.415685654E-1
1.934369770E1,-1.786880970E0,1.108840466E0,8.971819282E-1
1.935284947E1,-1.768250108E0,1.454732776E0,1.050199151E0
1.936200129E1,-1.770235300E0,1.891641259E0,1.198329568E0
1.937115311E1,-1.866596460E0,2.255858898E0,1.465422630E0
1.938029218E1,-1.928597450E0,2.289608240E0,1.652494550E0
1.938945671E1,-1.873010397E0,2.208823681E0,1.639514089E0
1.939860853E1,-1.750535488E0,2.107728481E0,1.451067686E0
1.940774759E1,-1.567739487E0,1.932568073E0,1.139230132E0
1.941691218E1,-1.331799746E0,1.718771458E0,7.508839965E-1
1.942606400E1,-1.209782958E0,1.588202834E0,4.337015450E-1
1.943520306E1,-1.253458619E0,1.251167893E0,2.351761907E-1
1.944436759E1,-1.402505279E0,6.581879258E-1,1.325538605E-1
1.945351942E1,-1.535211921E0,1.099525020E-2,7.650861889E-2
1.946267124E1,-1.574000716E0,-5.099047422E-1,1.374406368E-2
1.947182306E1,-1.518108130E0,-8.667922616E-1,-8.032641560E-2
1.948097483E1,-1.400672793E0,-1.138772011E0,-1.806580722E-1
1.949011390E1,-1.257429123E0,-1.411362648E0,-2.686200738E-1
1.949927848E1,-1.088377118E0,-1.661962628E0,-3.405473530E-1
1.950843030E1,-8.753440976E-1,-1.750993609E0,-3.932329118E-1
1.951756936E1,-6.789567471E-1,-1.588050127E0,-3.920112252E-1
1.952673390E1,-5.648810267E-1,-1.152516007E0,-2.956500649E-1
1.953588572E1,-4.358395338E-1,-5.984776020E-1,-1.638597846E-1
1.954502478E1,-2.247917950E-1,-1.097997949E-1,-9.009996802E-2
1.955418936E1,7.727217674E-2,2.157817930E-1,-1.760767251E-1
1.956334119E1,4.523324072E-1,4.850127101E-1,-3.880407214E-1
1.957248020E1,8.973346353E-1,8.202151656E-1,-6.531484127E-1
1.958164478E1,1.373642802E0,1.254374862E0,-9.706363082E-1
1.959079660E1,1.835290551E0,1.586370349E0,-1.324164152E0
1.959993566E1,2.194010735E0,1.509861708E0,-1.612942219E0
1.960910020E1,2.379402876E0,1.022252917E0,-1.741372824E0
1.961825202E1,2.482483149E0,3.703261614E-1,-1.735264301E0
1.962739108E1,2.622672796E0,-3.130592033E-2,-1.539182425E0
1.963655566E1,2.848838806E0,-6.032116711E-2,-1.172979474E0
1.964570749E1,3.131661177E0,1.298050396E-2,-7.168292403E-1
1.965484650E1,3.410512924E0,-9.788827598E-2,-3.862081766E-1
1.966401108E1,3.563530207E0,-4.138490260E-1,-3.410054743E-1
1.967316290E1,3.576205254E0,-8.316685557E-1,-5.755708218E-1
1.968230197E1,3.501529217E0,-1.347834468E0,-9.452861547E-1
1.969146650E1,3.405473471E0,-1.845064163E0,-1.229482770E0
1.970061832E1,3.371113300E0,-2.197675705E0,-1.424953938E0
1.970975738E1,3.434488773E0,-2.325342894E0,-1.570335627E0
1.971892197E1,3.550855160E0,-2.274337053E0,-1.647607803E0
1.972807379E1,3.656531811E0,-2.123305082E0,-1.600572586E0
1.973721280E1,3.713645935E0,-1.895917177E0,-1.433047652E0
1.974637738E1,3.641413212E0,-1.627755284E0,-1.220014691E0
1.975552921E1,3.435405016E0,-1.340656996E0,-1.062874198E0
1.976466827E1,3.254288673E0,-9.329164624E-1,-1.049130201E0
1.977383285E1,3.172435284E0,-4.359922409E-1,-1.106855273E0
1.978298462E1,3.153498888E0,-7.773031294E-2,-1.144575000E0
1.979212369E1,3.106158257E0,1.139230132E-1,-1.142589808E0
1.980128827E1,2.961081982E0,1.861557066E-1,-1.095554590E0
1.981044004E1,2.766221762E0,2.020377368E-1,-9.710944295E-1
1.981957916E1,2.586021900E0,1.834068894E-1,-8.635852933E-1
1.982874369E1,2.492714882E0,4.413371533E-2,-8.244910836E-1
1.983789551E1,2.460645437E0,-1.679829881E-2,-8.423583508E-1
1.984703457E1,2.362146378E0,-2.428117767E-2,-8.480086923E-1
1.985619910E1,2.323968410E0,-3.385621011E-1,-7.771504521E-1
1.986535093E1,2.274184227E0,-6.248967648E-1,-6.473453641E-1
1.987448999E1,2.202562571E0,-7.050704360E-1,-6.171084642E-1
1.988365457E1,2.080240250E0,-7.336275578E-1,-6.149705052E-1
1.989280640E1,1.933178902E0,-8.559496999E-1,-5.499152541E-1
1.990195816E1,1.769471765E0,-9.634588361E-1,-4.153761268E-1
1.991110999E1,1.585606813E0,-9.637642503E-1,-2.293731421E-1
1.992026181E1,1.381889224E0,-8.806890249E-1,-3.054236248E-2
1.992940087E1,1.153279662E0,-7.569924593E-1,1.235438585E-1
1.993856541E1,8.794673681E-1,-6.352811456E-1,2.174616307E-1
1.994771723E1,5.905365944E-1,-4.795151055E-1,2.831276953E-1
1.995685629E1,3.420744538E-1,-2.217375487E-1,3.439069986E-1
1.996602087E1,1.324011385E-1,4.566083103E-2,4.014793634E-1
1.997517270E1,-9.895725548E-2,1.753131598E-1,4.834856093E-1
1.998432447E1,-3.742966652E-1,9.330692142E-2,6.164975762E-1
1.999347629E1,-6.713211536E-1,-1.408002973E-1,7.898254991E-1
2.000262811E1,-9.327637553E-1,-3.593308926E-1,9.665130973E-1
2.001177994E1,-1.126860499E0,-3.610107303E-1,1.105633497E0
2.002093176E1,-1.341420531E0,-1.145338640E-1,1.177713513E0
2.003008353E1,-1.512610555E0,2.316638231E-1,1.147629261E0
2.003922259E1,-9.391776323E-1,5.376983285E-1,8.838959932E-1
2.004838718E1,4.121691883E-1,3.252761811E-2,4.486673176E-1
2.005753900E1,6.963659078E-2,2.235700935E-1,4.169032574E-1
2.006667806E1,-1.688229084E0,1.081657767E0,6.792621613E-1
2.007584259E1,-2.716132402E0,1.989071369E0,7.653915882E-1
2.008499442E1,-2.839370728E0,1.139840961E0,6.265766025E-1
2.009413348E1,-2.844257593E0,7.127060294E-1,6.450546980E-1
2.010329806E1,-2.334047318E0,1.767486572E0,9.721634388E-1
2.011244983E1,-1.285375357E0,1.885838151E0,1.222458124E0
2.012158890E1,-4.619532526E-1,1.106549859E0,1.154959440E0
2.013075348E1,-3.520007432E-1,1.327065676E-1,9.475768209E-1
2.013990530E1,-8.929060102E-1,-7.067502737E-1,8.472451568E-1
2.014904431E1,-1.699529767E0,-1.122279167E0,9.463551044E-1
2.015820890E1,-2.313278675E0,-9.399412274E-1,9.706363082E-1
2.016736072E1,-2.458507538E0,-4.876088202E-1,6.908682585E-1
2.017649978E1,-2.314347506E0,-2.046338320E-1,2.635805905E-1
2.018566431E1,-2.181946516E0,1.603474021E-1,-3.939964995E-2
2.019481613E1,-2.176295996E0,4.504998624E-1,-1.024696305E-1
2.020395520E1,-2.161177635E0,5.763344169E-1,7.482878864E-3
2.021311978E1,-2.004342556E0,5.601469278E-1,2.622061968E-1
2.022227160E1,-1.759698272E0,4.894413650E-1,5.809157491E-1
2.023141067E1,-1.648829460E0,4.627167881E-1,8.136485219E-1
2.024057520E1,-1.733431816E0,4.830274582E-1,9.419264793E-1
2.024972702E1,-1.865069389E0,5.751127005E-1,9.860602021E-1
2.025886608E1,-1.948450089E0,6.749862432E-1,9.555178285E-1
2.026803066E1,-1.983115673E0,7.383615971E-1,8.776348233E-1
2.027718244E1,-1.951504230E0,7.832589149E-1,7.459971905E-1
2.028633426E1,-2.006327868E0,9.659022093E-1,6.355865598E-1
2.029548608E1,-2.136285543E0,1.013853788E0,6.357392669E-1
2.030463790E1,-2.183320761E0,9.440644383E-1,6.910209656E-1
2.031378968E1,-2.165758848E0,9.355126023E-1,7.974610925E-1
2.032294150E1,-2.057791710E0,8.267817497E-1,8.374716043E-1
2.033209332E1,-1.914089918E0,5.586197972E-1,7.896727920E-1
2.034124515E1,-1.796501756E0,2.890834510E-1,6.801784039E-1
2.035039692E1,-1.721062183E0,9.941539168E-2,5.777087808E-1
2.035954874E1,-1.662573576E0,-8.124268800E-2,3.883461356E-1
2.036870056E1,-1.714953661E0,-2.947338112E-2,2.652604282E-1
2.037785238E1,-1.829029441E0,1.718007922E-1,2.770192325E-1
2.038700421E1,-1.975632787E0,3.345915973E-1,3.778090179E-1
2.039614327E1,-1.978381515E0,3.652866483E-1,5.060869455E-1
2.040530780E1,-1.904010892E0,6.135960817E-1,6.468872428E-1
2.041445962E1,-1.918671250E0,9.854493141E-1,8.638907075E-1
2.042359869E1,-2.051377773E0,1.576902151E0,1.131899953E0
2.043276327E1,-2.197523117E0,2.073215485E0,1.428466320E0
2.044191509E1,-2.247307062E0,2.242573023E0,1.616607308E0
2.045105410E1,-2.138118029E0,2.212794304E0,1.660130143E0
2.046021869E1,-1.988765955E0,2.309613466E0,1.564685225E0
2.046937051E1,-1.818339586E0,2.362146378E0,1.368603230E0
2.047850957E1,-1.652189136E0,2.297549248E0,1.129762053E0
2.048767410E1,-1.548650503E0,2.080393076E0,8.473978639E-1
2.049682593E1,-1.521162391E0,1.607597232E0,5.883986354E-1
2.050596499E1,-1.530935884E0,1.086697221E0,3.396310806E-1
2.051512957E1,-1.554759026E0,5.909947157E-1,1.261399537E-1
2.052428140E1,-1.573848009E0,1.039967462E-1,-2.214321308E-2
2.053342046E1,-1.548650503E0,-3.927747905E-1,-1.235438585E-1
2.054258499E1,-1.484358788E0,-8.596147895E-1,-2.260134816E-1
2.055173681E1,-1.407850266E0,-1.229177356E0,-3.272614181E-1
2.056087587E1,-1.325996637E0,-1.461299300E0,-4.028537571E-1
2.057004046E1,-1.209019423E0,-1.558424115E0,-4.501944184E-1
2.057919223E1,-1.099983215E0,-1.566517830E0,-4.297310412E-1
2.058833129E1,-1.031262875E0,-1.394716978E0,-2.822114229E-1
2.059749587E1,-9.017632604E-1,-1.008050680E0,-5.940489471E-2
2.060664770E1,-6.560499668E-1,-5.628957748E-1,9.972081333E-2
2.061578676E1,-3.031329513E-1,-2.706053257E-1,1.209477559E-1
2.062495129E1,1.884463727E-1,-1.542389393E-1,-5.848862603E-2
2.063410311E1,8.110524416E-1,-1.878355257E-2,-3.643703759E-1
2.064324218E1,1.488023877E0,2.128802687E-1,-7.353073955E-1
2.065240676E1,2.117196560E0,5.002838969E-1,-1.163969398E0
2.066155858E1,2.605568886E0,6.922426820E-1,-1.603932142E0
2.067071035E1,2.921376944E0,6.865923405E-1,-1.955932975E0
2.067986218E1,3.019265175E0,4.479037523E-1,-2.152320385E0
2.068901400E1,2.930692434E0,5.741964281E-2,-2.125137568E0
2.069815306E1,2.785005331E0,-1.977618039E-1,-1.822462797E0
2.070731764E1,2.686048031E0,-1.117850468E-1,-1.337144613E0
2.071646942E1,2.686200857E0,6.902574003E-2,-8.518264890E-1
2.072560848E1,2.889002085E0,-3.939964995E-2,-4.802786708E-1
2.073477306E1,3.244209766E0,-4.902049303E-1,-3.388675153E-1
2.074392488E1,3.589491129E0,-1.036302328E0,-5.179984570E-1
2.075306395E1,3.820238829E0,-1.452594757E0,-8.892409205E-1
2.076222848E1,3.885904789E0,-1.818339586E0,-1.230399132E0
2.077138030E1,3.868953943E0,-2.162704706E0,-1.455496311E0
2.078051936E1,3.864219666E0,-2.341530323E0,-1.561783671E0
2.078968395E1,3.890638828E0,-2.301214218E0,-1.595074892E0
2.079883577E1,3.882392406E0,-2.072452068E0,-1.624701023E0
2.080797483E1,3.803440571E0,-1.804748178E0,-1.581483603E0
2.081713936E1,3.699290991E0,-1.488940239E0,-1.516428351E0
2.082629119E1,3.591323853E0,-1.020573020E0,-1.424190402E0
2.083543025E1,3.516647577E0,-4.482091665E-1,-1.282321095E0
2.084459483E1,3.426853180E0,-3.512371797E-3,-1.098150611E0
2.085374666E1,3.263146162E0,3.101576865E-1,-9.602518678E-1
2.086288572E1,3.076379538E0,5.864133835E-1,-9.422318935E-1
2.087205025E1,2.972077370E0,7.172874212E-1,-1.029888511E0
2.088120207E1,2.884115219E0,5.187620521E-1,-1.077839971E0
2.089035390E1,2.752630472E0,2.840439677E-1,-1.121515512E0
2.089950572E1,2.626796007E0,2.090624720E-1,-1.115559816E0
2.090865749E1,2.552730799E0,1.079672500E-1,-1.021947503E0
2.091779655E1,2.502946615E0,-2.779355086E-2,-9.129112363E-1
2.092696113E1,2.466906548E0,-1.745496094E-1,-8.330429196E-1
2.093611296E1,2.412846565E0,-2.870981991E-1,-7.679877281E-1
2.094525202E1,2.268992186E0,-3.672719002E-1,-6.945333481E-1
2.095441655E1,2.069092274E0,-5.329642296E-1,-5.925218463E-1
2.096356837E1,1.906148911E0,-7.821899056E-1,-4.677563012E-1
2.097272020E1,1.807955146E0,-1.015686274E0,-3.516952991E-1
2.098187202E1,1.725338101E0,-1.069593549E0,-2.612899244E-1
2.099102384E1,1.592478752E0,-9.871291518E-1,-2.017323077E-1
2.100017566E1,1.416096687E0,-8.612946272E-1,-1.591257155E-1
2.100932744E1,1.203369141E0,-7.456917763E-1,-9.529217333E-2
2.101847926E1,9.318475127E-1,-7.278245091E-1,-2.596100792E-2
2.102761832E1,6.087092757E-1,-6.804838181E-1,3.222219273E-2
2.103678291E1,2.593046725E-1,-3.680354655E-1,9.315420687E-2
2.104593473E1,-5.207473040E-2,1.211004704E-1,1.504211426E-1
2.105507379E1,-3.381039500E-1,5.108210444E-1,2.098260373E-1
2.106423832E1,-6.358919740E-1,5.992411375E-1,3.133646548E-1
2.107339014E1,-8.918370008E-1,3.958290219E-1,4.862344265E-1
2.108254197E1,-1.049435616E0,6.184828654E-2,6.966713071E-1
2.109169379E1,-1.129609346E0,-1.695101112E-1,9.008470178E-1
2.110084561E1,-1.240325332E0,-6.123743951E-2,1.054475069E0
2.110998468E1,-1.472447276E0,3.869717419E-1,1.106855273E0
2.111914921E1,-1.550483108E0,7.582141757E-1,9.869764447E-1
2.112830103E1,-6.334486008E-1,7.444701195E-1,6.099309921E-1
2.113744009E1,-7.635590434E-2,5.787777901E-2,3.316900730E-1
2.114660468E1,-1.270256877E0,2.912214398E-1,4.013266563E-1
2.115575650E1,-2.344737291E0,1.564532518E0,6.894938350E-1
2.116489556E1,-2.685895443E0,1.838344812E0,9.298622608E-1
2.117406009E1,-2.908091068E0,3.949127495E-1,9.458969831E-1
2.118321192E1,-2.521271944E0,7.107207775E-1,9.526162744E-1
2.119235098E1,-1.313627005E0,1.318819284E0,9.332218766E-1
2.120151556E1,-3.826957941E-1,9.712471366E-1,7.354601026E-1
2.121066738E1,-1.211004704E-1,5.442649126E-1,5.581616759E-1
2.121980645E1,-5.265503526E-1,-2.510582209E-1,5.754181147E-1
2.122897098E1,-1.246433854E0,-8.365553021E-1,7.692093849E-1
2.123812280E1,-1.869345307E0,-9.573503733E-1,9.791881442E-1
2.124726186E1,-2.255400896E0,-7.212579250E-1,9.512419105E-1
2.125642645E1,-2.347944260E0,-3.345915973E-1,6.206207871E-1
2.126557827E1,-2.260440350E0,1.450762246E-2,1.630962193E-1
2.127471733E1,-2.151098728E0,3.629959822E-1,-1.681357026E-1
2.128388186E1,-2.070008755E0,6.238277555E-1,-2.238755226E-1
2.129303369E1,-1.932568073E0,7.175928354E-1,6.566607859E-3
2.130217275E1,-1.688229084E0,6.580352187E-1,3.662029207E-1
2.131133733E1,-1.448929667E0,4.908157587E-1,6.800256968E-1
2.132048916E1,-1.387386799E0,2.867927849E-1,8.706100583E-1
2.132962822E1,-1.541778445E0,1.965401024E-1,9.538379908E-1
2.133879275E1,-1.777718186E0,1.966928244E-1,9.417737722E-1
2.134794457E1,-1.937912941E0,2.304421216E-1,8.564078808E-1
2.135709640E1,-1.958223581E0,3.344388604E-1,7.847860456E-1
2.136624822E1,-1.909661293E0,4.140017331E-1,7.838697433E-1
2.137540004E1,-1.873773932E0,4.479037523E-1,8.127322793E-1
2.138455181E1,-1.910577536E0,5.642701387E-1,8.434273601E-1
2.139370363E1,-1.995790720E0,6.502469182E-1,8.434273601E-1
2.140285546E1,-2.079629421E0,7.171346545E-1,8.519791961E-1
2.141200728E1,-2.128344536E0,7.670714259E-1,8.851176500E-1
2.142115910E1,-2.098260403E0,7.852441669E-1,8.927532434E-1
2.143031093E1,-2.025722265E0,7.576032877E-1,8.559496999E-1
2.143944999E1,-1.958834410E0,5.977140665E-1,7.997517586E-1
2.144861452E1,-1.835595965E0,3.022166789E-1,6.829272509E-1
2.145776634E1,-1.750993609E0,1.027750522E-1,4.926483035E-1
2.146691817E1,-1.676012158E0,6.872031838E-3,3.185568452E-1
2.147606999E1,-1.767944694E0,8.979454637E-2,2.904578745E-1
2.148522181E1,-2.034121275E0,3.613161445E-1,4.489727318E-1
2.149436087E1,-2.272351742E0,5.273138881E-1,7.646280527E-1
2.150352546E1,-2.392077923E0,8.761076927E-1,1.095096469E0
2.151267723E1,-2.329466105E0,1.322637081E0,1.249029875E0
2.152182905E1,-2.150487661E0,1.748703003E0,1.324011445E0
2.153098087E1,-1.978076100E0,1.952726007E0,1.369672298E0
2.154013270E1,-1.942799687E0,2.085432529E0,1.356997132E0
2.154927176E1,-1.940661788E0,2.192636251E0,1.214517117E0
2.155843634E1,-1.927986622E0,2.268839359E0,1.121210098E0
2.156758811E1,-1.889197826E0,2.251430273E0,1.131289124E0
2.157672718E1,-1.776649237E0,2.099634647E0,1.086391807E0
2.158589176E1,-1.604390383E0,1.852394342E0,9.698727131E-1
2.159504358E1,-1.426175594E0,1.593853235E0,7.350019813E-1
2.160418264E1,-1.288582325E0,1.284459114E0,4.627167881E-1
2.161334723E1,-1.189472318E0,9.240592122E-1,2.249445021E-1
2.162249900E1,-1.109451294E0,5.251759291E-1,6.444438547E-2
2.163163811E1,-1.040272832E0,7.284353673E-2,-3.130592033E-2
2.164080264E1,-9.567395449E-1,-3.539859951E-1,-1.249182671E-1
2.164995447E1,-8.551861644E-1,-6.905628443E-1,-2.418955117E-1
2.165910629E1,-7.586722970E-1,-9.463551044E-1,-3.704788685E-1
2.166825811E1,-6.977402568E-1,-1.147323847E0,-4.865398407E-1
2.167740994E1,-6.777350307E-1,-1.282626510E0,-5.760289431E-1
2.168654900E1,-6.904101372E-1,-1.370283127E0,-6.316160560E-1
2.169571353E1,-7.090409398E-1,-1.403421521E0,-6.610894203E-1
2.170486535E1,-7.087355256E-1,-1.308282137E0,-6.452074051E-1
2.171400442E1,-7.113316059E-1,-9.400939345E-1,-4.818057716E-1
2.172316900E1,-7.357655168E-1,-2.968717813E-1,-1.270562261E-1
2.173232082E1,-6.542174220E-1,2.585411072E-1,2.632751763E-1
2.174147259E1,-4.143071473E-1,4.905103445E-1,4.737120569E-1
2.175062447E1,-1.847812906E-2,4.135435820E-1,3.422271907E-1
2.175977624E1,4.929537475E-1,4.043808877E-1,-4.443913698E-2
2.176891530E1,1.009730577E0,5.609105229E-1,-4.793623984E-1
2.177807988E1,1.469545841E0,8.203678727E-1,-8.793146014E-1
2.178723171E1,1.867054701E0,1.084253907E0,-1.229635477E0
2.179638353E1,2.177365065E0,1.224748731E0,-1.452900171E0
2.180553535E1,2.398186445E0,1.148698330E0,-1.613705754E0
2.181468712E1,2.563420534E0,8.614473343E-1,-1.774816751E0
2.182382619E1,2.724378824E0,3.973561525E-1,-1.864305854E0
2.183299077E1,2.952988386E0,-4.382828996E-2,-1.795127392E0
2.184214259E1,3.240391970E0,-3.828485310E-1,-1.540098667E0
2.185128166E1,3.399670362E0,-6.248967648E-1,-1.107618809E0
2.186044624E1,3.397532463E0,-9.049702287E-1,-6.000047326E-1
2.186959806E1,3.367906332E0,-1.339282632E0,-2.475458533E-1
2.187873712E1,3.353704214E0,-1.737860441E0,-2.883199155E-1
2.188790166E1,3.335531473E0,-2.028470993E0,-6.357392669E-1
2.189705348E1,3.299949646E0,-2.277085781E0,-1.038134933E0
2.190619254E1,3.356758356E0,-2.460492849E0,-1.422357798E0
2.191535712E1,3.499696732E0,-2.361535549E0,-1.751146436E0
2.192450895E1,3.648132563E0,-2.001441002E0,-1.893779159E0
2.193364801E1,3.725099325E0,-1.525743723E0,-1.847813010E0
2.194281254E1,3.682798147E0,-1.004385591E0,-1.669598222E0
2.195196436E1,3.563530207E0,-4.231644273E-1,-1.374711752E0
2.196110343E1,3.443498611E0,9.972081333E-2,-1.038287640E0
2.197026801E1,3.354315042E0,4.639385045E-1,-8.180772066E-1
2.197941983E1,3.328048468E0,6.978929639E-1,-7.592831254E-1
2.198855890E1,3.265284061E0,8.948912621E-1,-7.507312894E-1
2.199772343E1,3.171213627E0,9.535325766E-1,-8.075400591E-1
2.200687525E1,3.086153030E0,7.430956960E-1,-9.368869662E-1
2.201601431E1,3.058054209E0,4.106420577E-1,-1.053406119E0
2.202517890E1,3.069660187E0,2.392994165E-1,-1.096623540E0
2.203433072E1,3.109518051E0,1.122431830E-1,-1.085170150E0
2.204348254E1,3.141892910E0,-1.388150454E-1,-1.070815206E0
2.205263436E1,3.158538580E0,-4.824166298E-1,-1.085628271E0
2.206178613E1,3.208169699E0,-7.867712975E-1,-1.110673070E0
2.207092520E1,3.284525633E0,-1.023016453E0,-1.157708287E0
2.208008978E1,3.284067631E0,-1.243685007E0,-1.203369141E0
2.208924160E1,3.161287308E0,-1.426022887E0,-1.233300567E0
2.209838066E1,2.962303877E0,-1.498713732E0,-1.250557065E0
2.210754525E1,2.796000719E0,-1.440530539E0,-1.226734042E0
2.211669707E1,2.642830610E0,-1.282626510E0,-1.184585571E0
2.212583608E1,2.458354712E0,-1.146560311E0,-1.148087382E0
2.213500066E1,2.264410734E0,-1.114338160E0,-1.114032745E0
2.214415249E1,2.104979753E0,-1.104106426E0,-1.060889006E0
2.215329155E1,1.989529490E0,-1.040120125E0,-1.002553105E0
2.216245613E1,1.876217365E0,-9.365815520E-1,-9.503256083E-1
2.217160796E1,1.739540339E0,-8.443436027E-1,-9.042066336E-1
2.218075973E1,1.552926421E0,-7.252284288E-1,-8.574768305E-1
2.218991155E1,1.312099934E0,-5.836645365E-1,-7.756233215E-1
2.219906337E1,1.059667230E0,-4.624113739E-1,-6.632274389E-1
2.220821520E1,8.273926377E-1,-4.001049399E-1,-5.007420182E-1
2.221736702E1,6.169557571E-1,-4.121691883E-1,-2.799207568E-1
2.222651884E1,3.975088596E-1,-4.515688419E-1,-5.604523420E-2
2.223567066E1,2.006633282E-1,-5.783196688E-1,1.148392856E-1
2.224482244E1,7.421794534E-2,-6.936170459E-1,2.509055138E-1
2.225397426E1,-3.237490356E-2,-6.181774139E-1,3.587200642E-1
2.226311332E1,-1.702736765E-1,-2.444916219E-1,4.399627447E-1
2.227227791E1,-3.603998721E-1,3.219164908E-1,4.924955964E-1
2.228142973E1,-5.740436912E-1,7.592831254E-1,5.364766121E-1
2.229056879E1,-7.777612805E-1,8.887827396E-1,6.216897964E-1
2.229973332E1,-9.520054460E-1,7.240067124E-1,7.798992395E-1
2.230888514E1,-1.032637239E0,3.347443044E-1,9.744541049E-1
2.231803697E1,-9.805625677E-1,-1.214058921E-1,1.128998399E0
2.232718879E1,-8.689302206E-1,-4.456130862E-1,1.215586066E0
2.233634061E1,-8.163973689E-1,-5.496098399E-1,1.261094213E0
2.234547968E1,-8.365553021E-1,-6.424586177E-1,1.261705041E0
2.235464421E1,-7.547017932E-1,-7.820371985E-1,1.143964171E0
2.236379603E1,-3.535278440E-1,-9.706363082E-1,8.293778896E-1
2.237293509E1,8.765657991E-2,-1.273769259E0,3.075616062E-1
2.238209968E1,-9.926267713E-2,-1.936233044E0,-1.543916464E-1
2.239125150E1,-8.348754644E-1,-2.402615070E0,-1.433963925E-1
2.240039056E1,-1.274990916E0,-1.699071646E0,2.719797492E-1
2.240955509E1,-1.405101418E0,-5.366293192E-1,6.445965767E-1
2.241870692E1,-1.528950691E0,1.039662004E0,8.220477104E-1
2.242784598E1,-1.437170863E0,1.721520305E0,8.838959932E-1
2.243701056E1,-9.019159675E-1,1.572778940E0,9.970554113E-1
2.244616238E1,-1.560714692E-1,1.367381573E0,1.170994163E0
2.245530145E1,1.334701329E-1,7.901309133E-1,1.371352077E0
2.246446603E1,-3.407000601E-1,1.695101149E-2,1.559034944E0
2.247361780E1,-1.085628271E0,-3.442124426E-1,1.671278119E0
2.248276962E1,-1.551399350E0,-3.857500553E-1,1.575833201E0
2.249192145E1,-1.674179673E0,-2.573194206E-1,1.310420036E0
2.250107327E1,-1.558271408E0,-8.322793990E-2,9.582666159E-1
2.251021233E1,-1.348750710E0,-1.359135192E-2,6.439857483E-1
2.251937692E1,-1.210852027E0,-4.474456236E-2,4.532486796E-1
2.252852869E1,-1.124417067E0,1.557660475E-2,4.561502039E-1
2.253768051E1,-1.051573515E0,1.308740228E-1,6.123743653E-1
2.254683233E1,-1.076923728E0,1.308740228E-1,7.904363275E-1
2.255598416E1,-1.186570764E0,1.456870735E-1,8.929060102E-1
2.256512322E1,-1.305380583E0,1.913478971E-1,9.084826112E-1
2.257428780E1,-1.377766013E0,2.380777150E-1,8.713735938E-1
2.258343962E1,-1.386012435E0,3.052709103E-1,7.948650122E-1
2.259259140E1,-1.379903913E0,4.085040987E-1,7.056813240E-1
2.260174322E1,-1.397618532E0,5.004366040E-1,6.468872428E-1
2.261089504E1,-1.414264083E0,5.015056133E-1,6.223006248E-1
2.262004686E1,-1.412584305E0,4.593571424E-1,6.235223413E-1
2.262919869E1,-1.405101418E0,3.768927455E-1,6.297835112E-1
2.263835051E1,-1.402963400E0,2.780882120E-1,6.262711287E-1
2.264750228E1,-1.395480514E0,2.043284029E-1,5.995466113E-1
2.265665410E1,-1.387844920E0,1.212531775E-1,5.781669021E-1
2.266580593E1,-1.415027618E0,4.581354558E-2,5.995466113E-1
2.267495775E1,-1.484206080E0,3.329117596E-2,6.630746722E-1
2.268410957E1,-1.537960649E0,8.704573661E-2,7.169819474E-1
2.269326140E1,-1.536891699E0,1.739387512E-1,7.487460375E-1
2.270241317E1,-1.554606318E0,3.332171738E-1,7.844805717E-1
2.271156499E1,-1.588050127E0,5.543438792E-1,8.012788892E-1
2.272071681E1,-1.601794243E0,7.279772162E-1,8.119687438E-1
2.272986863E1,-1.565296054E0,8.275453448E-1,8.451071978E-1
2.273902046E1,-1.475196123E0,8.108997345E-1,8.622109294E-1
2.274817228E1,-1.381125689E0,7.658497691E-1,8.544226289E-1
2.275731134E1,-1.350277901E0,7.102626562E-1,8.144121170E-1
2.276647587E1,-1.376849771E0,4.792096615E-1,7.447755337E-1
2.277562770E1,-1.418998241E0,2.348707765E-1,6.975875497E-1
2.278477952E1,-1.425717473E0,1.140757278E-1,6.555918455E-1
2.279393134E1,-1.395175099E0,4.107947648E-2,6.027535200E-1
2.280308316E1,-1.351346850E0,-2.351761982E-2,5.535803437E-1
2.281223499E1,-1.295301557E0,-7.070557028E-2,5.106683373E-1
2.282138676E1,-1.264912009E0,-6.642963737E-2,4.698942602E-1
2.283053858E1,-1.265980959E0,-6.780404598E-2,4.344651103E-1
2.283969041E1,-1.240019917E0,-8.231166750E-2,4.280512035E-1
2.284884223E1,-1.175575495E0,-5.436540768E-2,4.479037523E-1
2.285799405E1,-1.101510286E0,7.788302377E-3,4.564556181E-1
2.286714587E1,-1.033400893E0,1.211004704E-1,4.011739492E-1
2.287629764E1,-9.494093657E-1,2.257080674E-1,3.052709103E-1
2.288544947E1,-9.303203821E-1,1.056765765E-1,2.834331393E-1
2.289460129E1,-9.712471366E-1,4.123219103E-2,3.272614181E-1
2.290375311E1,-9.735378027E-1,1.433963925E-1,3.692571819E-1
2.291290494E1,-9.301676750E-1,2.476985604E-1,3.658975065E-1
2.292205671E1,-8.770239353E-1,2.626643181E-1,3.222219348E-1
2.293120853E1,-8.544226289E-1,2.377723008E-1,2.655658424E-1
2.294036035E1,-8.678612709E-1,2.597627938E-1,1.989834905E-1
2.294951218E1,-9.075663090E-1,3.112266660E-1,1.485885978E-1
2.295866400E1,-9.558232427E-1,3.413109183E-1,1.269035190E-1
2.296781582E1,-9.930849075E-1,3.026748300E-1,1.345391124E-1
2.297696765E1,-9.972081780E-1,2.522799075E-1,1.656923145E-1
2.298611942E1,-9.741486907E-1,2.275405973E-1,1.860029846E-1
2.299527124E1,-9.513946176E-1,2.192941606E-1,2.105895877E-1
2.300442306E1,-9.358180165E-1,1.768402755E-1,2.626643181E-1
2.301357488E1,-9.147437811E-1,1.359135211E-1,3.129065037E-1
2.302272671E1,-8.718317747E-1,1.530172378E-1,3.290939629E-1
2.303187853E1,-8.222004175E-1,2.023431510E-1,3.067980409E-1
2.304103030E1,-8.002098799E-1,2.451024652E-1,2.732014358E-1
2.305018212E1,-7.829535007E-1,2.528907657E-1,2.588465214E-1
2.305933395E1,-7.169819474E-1,2.440334857E-1,2.652604282E-1
2.306848577E1,-6.206207871E-1,2.255553454E-1,2.715215981E-1
2.307763759E1,-5.497625470E-1,1.598892659E-1,2.531961799E-1
2.308678942E1,-5.021164417E-1,8.551861346E-2,2.200577259E-1
2.309594119E1,-4.871506989E-1,2.443389036E-3,2.108950168E-1
2.310509301E1,-4.929537475E-1,-1.047603041E-1,2.170034945E-1
2.311424483E1,-4.935645759E-1,-1.832541823E-1,2.128802687E-1
2.312339666E1,-4.789042473E-1,-2.133384049E-1,1.898207814E-1
2.313254848E1,-4.483618736E-1,-1.779092699E-1,1.423274130E-1
2.314170030E1,-4.165978432E-1,-1.232384369E-1,1.047603041E-1
2.315085207E1,-4.162923992E-1,-7.803573459E-2,9.116895497E-2
2.316000390E1,-4.413371384E-1,-2.809897438E-2,1.001789495E-1
2.316915572E1,-4.605788291E-1,3.771981969E-2,1.354553849E-1
2.317830754E1,-4.657710493E-1,9.880454093E-2,1.890572309E-1
2.318745936E1,-4.633276463E-1,1.569877416E-1,2.305948436E-1
2.319661113E1,-4.558447599E-1,2.069245130E-1,2.440334857E-1
2.320576296E1,-4.526378214E-1,2.689255178E-1,2.263189107E-1
2.321491478E1,-4.511106908E-1,3.374931216E-1,1.925695986E-1
2.322406660E1,-4.453076422E-1,3.886515796E-1,1.566823274E-1
2.323321843E1,-4.349232614E-1,4.083513916E-1,1.261399537E-1
2.324237025E1,-4.275930822E-1,4.245388508E-1,1.127013192E-1
2.325152202E1,-4.194993675E-1,4.120164812E-1,1.116323397E-1
2.326067384E1,-4.194993675E-1,3.426853120E-1,1.085781008E-1
2.326982567E1,-3.672719002E-1,3.553603888E-1,1.149920002E-1
2.327897749E1,-2.910687327E-1,3.235963285E-1,1.137702987E-1
2.328812931E1,-2.188360244E-1,2.466295809E-1,9.116895497E-2
2.329728113E1,-1.624853760E-1,1.669140160E-1,5.299099907E-2
2.330643290E1,-1.293469071E-1,1.403421611E-1,1.725643501E-2
2.331558473E1,-1.122431830E-1,1.589729935E-1,-9.468132630E-3
2.332473655E1,-1.073564067E-1,1.727170646E-1,-2.168507688E-2
2.333388837E1,-1.041494608E-1,1.600419879E-1,-1.786728203E-2
2.334304020E1,-1.056765765E-1,1.240019947E-1,-1.114796288E-2
2.335219197E1,-1.134648770E-1,8.414421231E-2,-1.114796288E-2
2.336134379E1,-1.143811494E-1,5.879404768E-2,-1.542389300E-2
2.337049561E1,-1.050657257E-1,4.672981426E-2,-1.786728203E-2
2.337964744E1,-9.407047927E-2,6.536065787E-2,-1.954711229E-2
2.338879926E1,-8.276980370E-2,1.039967462E-1,-2.137965336E-2
2.339795108E1,-7.559234649E-2,1.377460510E-1,-2.199050039E-2
2.340710285E1,-6.963659078E-2,1.546970755E-1,-2.015795931E-2
2.341625468E1,-5.909947306E-2,1.517955512E-1,-1.145338640E-2
2.342540650E1,-4.978405312E-2,1.356080920E-1,-2.901524538E-3
2.343455832E1,-5.008947477E-2,9.697200358E-2,5.650337320E-3
2.344371014E1,-6.077930331E-2,4.092676565E-2,1.298050396E-2
2.345286197E1,-7.391251624E-2,-1.527118147E-4,5.650337320E-3
2.346201374E1,-7.941014320E-2,-9.162709117E-3,-1.023169141E-2
2.347116556E1,-8.063183725E-2,-6.261184346E-3,-1.878355257E-2
2.348031738E1,-8.124268800E-2,-2.596100792E-3,-9.773556143E-3
2.348946921E1,-9.177979827E-2,2.290677279E-3,1.160609815E-2
2.349862103E1,-1.061347127E-1,-0.000000000E0,2.977880463E-2
2.350777285E1,-1.072036922E-1,-1.679829881E-2,4.321744293E-2
2.351692462E1,-9.345962852E-2,-4.764608666E-2,4.825693369E-2
2.352607645E1,-7.085828483E-2,-8.124268800E-2,4.230117425E-2
2.353522827E1,-5.146388337E-2,-1.084253863E-1,2.657185495E-2
2.354438009E1,-3.405473381E-2,-1.157555580E-1,7.788302377E-3
2.355353192E1,-9.620844387E-3,-8.628217876E-2,-4.275931045E-3
2.356268369E1,2.015795931E-2,-3.619270027E-2,-4.123218823E-3
2.357183551E1,3.451287001E-2,1.206423342E-2,5.192201585E-3
2.358098733E1,1.374406368E-2,4.107947648E-2,2.137965336E-2
2.359013916E1,-4.795150831E-2,5.238015205E-2,3.145863488E-2
2.359929098E1,-1.249182671E-1,4.871506989E-2,2.901524492E-2
2.360844280E1,-1.759240031E-1,3.161134571E-2,1.588202827E-2
2.361759457E1,-1.708845198E-1,1.908897609E-2,2.443389036E-3
2.362674640E1,-1.238492802E-1,8.246437646E-3,-1.527118147E-3
2.363589822E1,-7.452336699E-2,-5.497625098E-3,6.108472589E-4
2.364505004E1,-4.840964451E-2,-2.779355086E-2,1.130067464E-2
2.365420186E1,-4.825693369E-2,-5.726693198E-2,2.046338283E-2
2.366335363E1,-6.642963737E-2,-9.407047927E-2,2.947338112E-2
2.367250546E1,-9.269607067E-2,-1.097997949E-1,3.481829539E-2
